,from,to
3112,1,0
3748,2,1
3503,3,1
2683,4,2
2954,5,1
3493,6,1
2755,7,4
728,8,4
3108,9,2
3109,9,4
3164,10,2
60,11,2
491,12,4
683,13,7
1070,14,2
2454,15,6
752,16,4
207,17,2
2664,18,7
2677,19,7
828,20,7
2918,21,11
3735,22,14
1198,23,14
2860,24,2
1813,25,4
1814,25,12
3166,26,14
336,27,17
3753,28,4
3537,29,17
3381,30,12
1943,31,6
3390,32,19
3389,32,13
3388,32,7
3394,33,13
3395,33,19
3393,33,7
723,34,2
1320,35,13
1319,35,7
883,36,17
2638,37,4
25,38,6
2147,39,17
2718,40,6
2838,41,6
3468,42,16
696,43,3
2315,44,4
265,45,14
1388,46,21
1800,47,2
1934,48,17
32,49,17
239,50,24
601,51,22
2783,52,17
1022,53,2
1617,54,2
2917,55,30
3464,56,2
3643,57,13
3642,57,7
3644,57,35
72,58,4
73,58,37
2323,59,22
2325,60,22
194,61,17
195,61,24
463,62,12
1652,63,25
3058,64,16
2590,65,2
214,66,16
215,66,42
1457,67,22
1458,68,53
1866,69,6
2839,70,7
990,71,23
1797,72,24
1829,73,23
2579,74,14
2122,75,29
2123,75,36
205,76,28
688,77,24
2071,78,38
3532,79,46
304,80,24
2085,81,29
2086,81,36
2305,82,45
2982,83,50
1511,84,49
2776,85,51
3163,86,7
3718,87,17
318,88,20
679,89,61
390,90,21
435,91,16
1263,92,51
2935,93,21
375,94,7
1296,95,20
1803,96,76
1806,97,73
1805,97,71
2559,98,17
2560,98,24
2771,99,73
2769,99,53
2770,99,68
3739,100,45
1684,101,11
2464,102,54
3275,103,17
0,104,6
1,104,40
2,105,52
3,106,6
1045,107,77
1044,107,52
3141,108,45
3142,108,51
113,109,24
1194,110,51
1193,110,22
1605,111,13
1604,111,7
1040,112,54
3168,113,56
3169,113,73
3167,113,2
3257,114,79
1582,115,68
1583,115,73
1581,115,67
1700,116,11
2309,117,54
3071,118,97
3106,119,67
3233,120,19
3231,120,7
3232,120,13
3514,121,21
125,122,73
2609,123,23
686,124,68
1412,125,24
2768,126,24
2873,127,42
107,128,43
108,128,70
331,129,22
391,130,65
403,131,49
1552,132,45
2152,133,48
2153,133,49
3314,134,46
376,135,24
1397,136,89
2471,137,97
2840,138,52
3319,139,34
525,140,68
3126,141,67
3125,141,51
3127,141,99
67,142,61
642,143,70
737,144,2
2899,145,99
2898,145,68
126,146,21
628,147,80
759,148,61
977,149,45
976,149,11
978,150,68
981,151,54
982,151,102
980,151,53
979,151,2
1764,152,60
2103,153,11
2884,154,54
3160,155,39
57,156,112
365,157,40
475,158,44
562,159,107
561,159,87
880,160,102
879,160,53
882,161,102
1611,162,65
1801,163,34
1843,164,107
1936,165,69
2596,166,109
3159,167,29
3221,168,80
280,169,4
363,170,80
615,171,118
639,172,53
640,172,54
1185,173,30
1530,174,98
1529,174,61
2636,175,52
2635,175,49
2965,176,7
3283,177,65
3384,178,102
487,179,56
1380,180,81
2808,181,104
2813,182,70
3044,183,77
3149,184,48
3317,185,90
3318,186,54
166,187,66
900,188,38
1110,189,48
1500,190,85
1502,191,21
1883,192,9
2591,193,78
3025,194,102
3693,195,52
703,196,12
2133,197,96
2134,198,97
2513,199,47
3538,200,39
3688,201,102
964,202,29
1450,203,24
1508,204,16
1858,205,5
2110,206,75
2337,207,85
2342,208,68
450,209,118
469,210,141
468,210,90
1151,211,98
1414,212,68
1489,213,16
2022,214,61
2943,215,24
1573,216,52
1574,216,138
1590,217,16
1591,217,66
3047,218,118
3451,219,138
3450,219,52
3556,220,78
3557,221,37
3708,222,61
3709,222,135
173,223,60
172,223,59
248,224,82
351,225,65
1531,226,70
3060,227,102
3061,227,160
3063,228,56
3066,228,172
3064,228,113
3062,228,54
3065,228,160
3067,228,179
3068,229,101
3070,230,156
3530,231,29
1116,232,68
1117,232,102
1115,232,67
1118,232,151
1804,233,116
2661,234,77
2663,234,159
2662,234,107
2660,234,52
2778,235,65
2924,236,146
3533,237,98
3534,237,136
556,238,17
867,239,141
866,239,132
870,240,73
1239,241,52
1240,241,138
1243,242,7
2680,243,112
2710,244,133
2711,245,109
2792,246,160
2790,246,54
2789,246,53
2791,246,124
3602,247,24
3742,248,26
484,249,135
831,250,145
830,250,124
835,251,150
834,251,124
833,251,68
843,252,110
878,253,117
962,254,153
1520,255,24
1755,256,116
1899,257,25
2534,258,71
2535,258,118
2855,259,113
2980,260,87
3083,261,49
3194,262,98
3453,263,119
298,264,52
392,265,109
394,266,98
1128,267,17
1448,268,98
1522,269,102
1523,269,112
1944,270,107
2075,271,184
3082,272,118
3181,273,99
3182,273,145
3180,273,68
3488,274,9
307,275,73
308,275,101
681,276,72
925,277,152
1019,278,156
1018,278,73
1063,279,174
1625,280,50
1624,280,48
1832,281,92
2429,282,114
2674,283,75
2754,284,171
3373,285,174
243,286,70
244,287,20
714,288,119
713,288,90
1628,289,171
1627,290,156
3227,291,174
3303,292,102
3302,292,26
266,293,52
1170,294,61
1171,294,98
1426,295,156
1427,296,156
2030,297,151
2327,298,98
2417,299,110
2974,300,222
3101,301,49
3105,302,77
3104,302,52
3305,303,156
3304,303,54
3306,303,186
3307,304,54
3309,304,186
3310,304,190
3311,304,191
3308,304,73
3313,305,179
3312,305,172
3591,306,75
488,307,116
490,308,116
638,309,70
1139,310,49
1140,310,103
1449,311,116
1599,312,104
1600,312,182
2127,313,49
2128,313,103
2132,314,103
2131,314,49
2204,315,156
2205,315,190
2615,316,58
2611,316,4
2613,316,10
2614,316,37
2612,316,9
2701,317,2
2702,317,54
2703,317,102
2704,317,112
2801,318,49
2802,318,77
3368,319,216
3367,319,138
3366,319,52
249,320,161
920,321,161
2130,322,162
2129,322,65
2367,323,87
2365,323,17
2366,323,24
3038,324,146
3694,325,131
30,326,112
29,326,54
2008,327,203
2217,328,36
2216,328,29
2451,329,80
2647,330,212
2646,330,145
2932,331,16
2934,331,217
2933,331,66
3695,332,6
3697,333,176
3698,333,182
3696,333,104
117,334,21
442,335,160
983,336,65
1114,337,48
1368,338,137
2213,339,236
2238,340,134
2506,341,116
2821,342,63
3043,343,48
16,344,29
17,344,36
18,344,167
453,345,171
1120,346,98
1335,347,49
1336,347,103
1425,348,288
2135,349,76
2321,350,49
2322,350,103
2421,351,201
2420,351,54
2423,352,171
127,353,217
578,354,224
1033,355,29
1560,356,112
1561,356,117
1559,356,102
1558,356,54
1562,357,250
1563,358,145
1564,359,102
1855,360,143
2324,361,40
2567,362,272
2568,363,92
2643,364,133
3277,365,87
3276,365,61
3278,365,89
3279,365,174
3480,366,75
3560,367,258
196,368,12
400,369,77
1392,370,80
1765,371,67
1766,372,93
2165,373,200
2419,374,170
2849,375,137
3345,376,50
3353,377,75
3400,378,68
3416,379,48
3731,380,212
3762,381,98
184,382,40
444,383,44
452,384,24
904,385,71
1016,386,171
1106,387,54
1780,388,186
1781,388,229
2063,389,186
2105,390,186
2104,390,112
2347,391,50
2434,392,95
2540,393,112
2834,394,107
2836,395,214
2835,395,174
59,396,130
781,397,112
784,398,169
1008,399,48
1196,400,161
1195,400,151
1197,400,228
1309,401,172
1310,401,179
1307,401,160
1308,401,161
1311,401,228
1305,401,54
1306,401,56
1830,402,148
2313,403,118
2314,403,258
2312,403,71
3057,404,24
3290,405,102
3288,405,2
3292,405,190
3289,405,54
3291,405,160
3328,406,210
3517,407,116
3606,408,203
332,409,98
333,409,215
1339,410,22
1519,411,304
1518,411,186
1521,412,68
1524,413,102
1525,413,117
1580,414,166
1632,415,157
2194,416,303
2355,417,61
2356,417,174
2525,418,174
2526,418,175
2527,419,24
2622,420,117
3570,421,97
374,422,133
457,423,131
568,424,134
616,425,141
617,425,172
802,426,131
1377,427,291
1413,428,50
1415,429,174
1637,430,141
1636,430,92
2731,431,321
3041,432,125
3299,433,364
3466,434,49
12,435,10
10,435,4
11,435,9
13,435,37
14,435,58
157,436,201
211,437,63
574,438,262
577,439,162
710,440,24
791,441,295
789,442,197
805,443,189
1391,444,114
1528,445,135
1661,446,174
1663,446,247
1662,446,222
2278,447,76
2564,448,184
2757,449,178
2782,450,303
2779,450,54
2781,450,186
2780,450,156
2785,451,246
2786,451,303
2787,452,141
2788,453,141
103,454,269
104,455,96
492,456,69
521,457,276
552,458,138
643,459,49
644,459,300
799,460,50
800,461,131
1053,462,156
1671,463,46
1802,464,262
2746,465,17
2856,466,61
2857,466,98
2858,466,175
3012,467,98
295,468,133
296,469,222
735,470,58
731,470,9
730,470,4
732,470,10
733,470,34
734,470,37
769,471,20
1073,472,174
1176,473,23
1272,474,63
1669,475,95
1769,476,102
1771,476,172
1770,476,156
1768,476,54
2160,477,160
2163,477,240
2161,477,161
2162,477,227
2679,478,80
2916,479,98
3072,480,22
3074,481,304
3073,481,243
3162,482,186
3746,483,6
3747,483,40
237,484,184
238,484,264
441,485,110
1026,486,282
1156,487,98
1157,487,135
1158,487,184
1160,488,283
1159,488,75
1249,489,124
1250,489,228
1253,490,172
1255,490,228
1252,490,2
1254,490,179
1667,491,49
2076,492,51
2078,492,305
2077,492,108
2642,493,49
2804,494,251
3051,495,208
3053,496,85
3054,497,85
3566,498,72
3670,499,222
299,500,190
303,501,273
666,502,37
677,503,181
678,503,216
1088,504,99
1090,504,304
1087,504,68
1089,504,228
1094,505,99
1093,505,68
1447,506,291
1565,507,77
1683,508,229
1682,508,100
1877,509,273
2098,510,7
2507,511,77
2508,512,133
2656,513,48
2657,513,184
2705,514,211
2717,515,211
2912,516,363
2913,517,186
2914,517,251
2915,517,390
3336,518,98
3335,518,87
3334,518,61
3332,518,24
3338,518,188
3333,518,52
3337,518,174
3601,519,175
58,520,200
150,521,56
149,521,54
151,521,67
148,521,53
741,522,203
742,523,148
753,524,231
768,525,235
1002,526,273
1577,527,72
1578,527,276
1618,528,214
1893,529,135
1895,530,98
2025,531,186
2026,531,212
2027,531,304
2237,532,66
2562,533,189
2926,534,131
2930,535,133
3002,536,137
3720,537,265
3752,538,166
3754,539,144
3764,540,314
3763,540,310
621,541,259
620,541,156
650,542,78
748,543,300
750,544,323
749,544,49
915,545,184
1034,546,289
1035,546,320
1036,546,321
1175,547,96
1178,548,228
1177,548,172
1207,549,146
1767,550,133
2388,551,187
2502,552,43
2688,553,175
2687,553,49
2725,554,61
2724,554,52
2730,555,347
2729,555,314
2726,555,98
2728,555,313
2727,555,310
2846,556,291
2944,557,102
2946,558,191
2948,558,248
2947,558,229
2945,558,161
2949,559,102
2950,559,275
3014,560,103
3013,560,49
3446,561,216
3444,561,41
3445,561,157
3447,561,219
3443,561,40
3452,562,286
3706,563,75
3712,564,314
95,565,180
356,566,33
355,566,13
575,567,98
848,568,318
973,569,50
974,569,98
972,569,48
975,569,214
1032,570,194
1507,571,91
1740,572,50
1838,573,67
1837,573,51
1840,573,141
1839,573,99
1947,574,67
1949,574,102
1950,574,151
1948,574,68
1951,575,171
1952,576,171
1981,577,200
2118,578,7
2120,578,18
2119,578,13
2121,578,57
2659,579,264
2658,579,184
2847,580,96
2850,581,2
3588,582,98
3669,583,265
74,584,174
161,585,102
163,585,359
162,585,160
165,585,453
164,585,390
554,586,317
555,586,397
633,587,102
807,588,52
808,589,155
1057,590,269
1056,590,146
1059,591,345
1060,591,386
1280,592,57
1281,592,120
1279,592,13
1609,593,49
1610,594,174
1774,595,395
1773,595,262
1772,595,98
1776,596,174
1775,596,49
1777,597,98
2112,598,157
2113,599,298
2671,600,89
2800,601,440
2983,602,399
3183,603,226
139,604,288
449,605,11
576,606,143
602,607,128
607,608,368
896,609,325
1010,610,229
1009,610,228
1020,611,174
1021,611,395
1102,612,338
1103,612,345
1821,613,438
2024,614,14
2561,615,104
2742,616,174
2740,616,98
2741,616,107
2739,616,80
2758,617,184
2853,618,294
3111,619,26
3377,620,48
3379,620,135
3378,620,107
3522,621,264
3521,621,184
3526,622,61
3525,622,49
3527,622,87
3529,622,174
3528,622,98
3524,622,24
3741,623,451
170,624,173
426,625,184
427,625,264
433,626,349
432,626,76
549,627,79
548,627,46
551,628,248
550,628,178
559,629,249
558,629,61
560,629,261
557,629,52
676,630,116
682,631,162
914,632,411
1435,633,76
1496,634,70
1569,635,369
1570,636,174
1571,637,244
1842,638,446
1966,639,229
1967,639,232
2136,640,116
2772,641,52
2774,642,159
2854,643,171
2940,644,178
2968,645,191
2967,645,150
2966,645,124
2969,646,229
2970,647,272
2971,648,229
3095,649,174
3190,650,57
3580,651,174
3581,652,170
3582,652,387
3755,653,215
3760,654,135
223,655,320
245,656,170
382,657,327
381,657,203
606,658,181
603,658,31
604,658,41
605,658,104
724,659,148
905,660,68
908,661,446
907,661,214
931,662,222
1003,663,60
1220,664,406
1753,665,38
1822,666,114
1824,667,48
1825,667,162
1826,668,77
1827,668,369
2146,669,189
2215,670,278
2214,670,117
2425,671,52
2803,672,349
3086,673,214
3093,674,448
3088,674,310
3090,674,347
3089,674,314
3092,674,434
3091,674,350
3175,675,229
3199,676,33
3200,677,33
257,678,268
532,679,200
535,680,109
596,681,179
595,681,141
600,682,156
1146,683,214
1149,684,133
1150,684,364
1148,684,49
1153,685,261
1152,686,184
1154,687,77
1337,688,347
1510,689,441
1512,690,230
1513,690,290
1749,691,327
1748,691,203
2089,692,91
2174,693,300
2387,694,499
2386,694,468
2583,695,496
2584,696,269
2585,696,303
2639,697,406
2667,698,98
2777,699,254
3223,700,356
3224,701,419
3225,701,440
3341,702,214
3340,702,174
3339,702,61
3344,703,215
3555,704,200
505,705,318
513,706,444
641,707,61
895,708,371
893,709,156
1292,710,36
1293,710,231
1314,711,78
1572,712,61
1576,713,440
1670,714,271
1823,715,87
2445,716,79
2756,717,289
2995,718,167
3273,719,104
3272,719,78
3496,720,184
3497,720,264
3639,721,98
3641,721,323
3640,721,298
3705,722,162
169,723,348
171,724,275
695,725,50
933,726,75
1125,727,141
1127,727,574
1123,727,67
1122,727,51
1124,727,99
1126,727,351
1129,728,288
1130,728,348
1134,729,263
1133,730,263
1137,731,371
1174,732,122
1741,733,6
1743,733,27
1742,733,15
1791,734,131
1833,735,133
2020,736,347
2255,737,386
2259,738,156
2928,739,264
2927,739,49
2929,740,142
3085,741,446
3198,742,314
3226,743,142
3301,744,288
272,745,444
276,746,291
275,746,249
274,746,215
273,746,174
279,747,314
278,747,215
277,747,133
451,748,118
504,749,573
503,749,395
502,749,98
722,750,148
1055,751,226
1338,752,133
1501,753,385
1630,754,427
1631,755,444
1754,756,93
1988,757,70
2221,758,40
2335,759,77
2444,760,402
2446,761,201
2457,762,87
2460,762,365
2456,762,61
2459,762,174
2458,762,89
2632,763,248
2851,764,116
2870,765,32
2868,765,7
2872,765,120
2871,765,33
2869,765,13
2981,766,129
3192,767,398
3193,768,12
3470,769,396
3485,770,135
3487,771,323
3486,771,98
35,772,246
36,772,412
47,773,9
101,774,467
354,775,213
479,776,317
478,776,315
477,776,102
610,777,370
786,778,135
787,778,262
934,779,174
935,780,418
1446,781,200
1567,782,470
1566,782,259
1849,783,174
1853,784,417
1851,784,215
1852,784,381
2010,785,487
2109,786,227
2696,787,336
2695,787,77
2698,788,294
2697,788,164
2706,789,298
2955,790,534
2957,791,222
2959,791,569
2956,791,50
2958,791,460
3008,792,500
3584,793,378
48,794,78
49,794,104
132,795,103
134,795,350
131,795,49
135,795,560
133,795,347
212,796,315
216,797,171
218,798,288
217,798,119
792,799,215
793,799,365
960,800,175
959,800,174
1096,801,214
1180,802,146
1205,803,207
1211,804,372
1761,805,276
2060,806,174
2061,806,323
2062,807,170
2064,808,222
2065,808,466
2191,809,161
2268,810,209
2326,811,420
2427,812,283
2589,813,203
3015,814,464
3022,815,264
3021,815,184
3026,816,99
3024,817,49
3146,818,133
3147,819,366
3151,820,33
3241,821,186
3242,821,210
3243,821,232
3244,822,412
3713,823,34
3716,823,316
3714,823,78
3715,823,257
309,824,303
454,825,168
779,826,226
966,827,323
965,827,222
967,827,459
1181,828,329
1182,829,50
1244,830,150
1350,831,222
1349,831,214
1356,832,174
1355,832,49
1357,832,222
1358,832,493
1398,833,441
1436,834,385
1451,835,208
1452,836,96
1454,837,288
1455,837,348
1554,838,440
2059,839,355
2097,840,30
2096,840,12
2114,841,87
2173,842,416
2175,843,323
2354,844,222
2353,844,214
2357,845,49
2391,846,154
2634,847,509
2997,848,131
3129,849,49
3161,850,383
3263,851,109
3267,852,222
3268,852,300
3472,853,170
3474,854,174
3475,854,291
3473,854,162
3476,854,507
3477,855,222
3684,856,98
3685,856,479
3686,856,601
3687,857,408
3740,858,355
22,859,145
23,859,179
360,860,78
431,861,384
645,862,237
785,863,148
804,864,184
814,865,264
815,866,75
860,867,174
861,867,291
1058,868,272
1062,869,284
1064,870,156
1066,871,118
1067,871,258
1065,871,71
1068,871,403
1069,872,156
1215,873,87
1734,874,12
1798,875,164
1929,876,174
1982,877,479
2197,878,121
2250,879,122
2252,880,263
2652,881,213
3116,882,343
3130,883,314
3131,884,174
3270,885,375
3271,885,386
3417,886,67
3418,887,375
3419,888,191
210,889,131
335,890,38
581,891,262
582,892,445
583,893,300
584,893,460
685,894,525
790,895,406
926,896,263
1481,897,206
1495,898,128
1494,898,70
1557,899,323
1555,899,49
1556,899,174
1737,900,162
1736,900,126
1757,901,131
1864,902,559
1862,902,390
1860,902,102
1861,902,179
1863,902,504
1865,903,350
2150,904,313
2151,904,314
2149,904,310
2640,905,196
2641,906,43
2767,907,314
2972,908,356
2973,909,184
3094,910,449
3228,911,218
3230,912,449
3229,912,178
3239,913,72
3282,914,614
3280,914,97
3281,914,375
3286,915,453
3285,915,145
3284,915,11
3287,916,145
3576,917,443
31,918,285
246,919,467
569,920,131
570,920,325
622,921,525
744,922,93
746,923,136
747,923,601
745,923,98
857,924,449
1251,925,543
1506,926,241
1503,926,138
1505,926,219
1504,926,216
1533,927,607
1532,927,128
1534,928,392
1535,928,503
1634,929,164
1635,930,369
2157,931,184
2158,931,189
2159,932,350
2185,933,206
2267,934,549
2310,935,171
2925,936,241
3016,937,170
3023,938,322
3189,939,271
3481,940,118
3482,940,209
3535,941,137
3690,942,549
3689,942,146
236,943,373
510,944,300
511,944,459
512,944,499
515,945,249
782,946,579
783,947,364
788,948,484
829,949,200
1219,950,450
1218,950,102
1229,951,151
1233,951,660
1232,951,490
1231,951,400
1230,951,229
1831,952,271
1845,953,99
1846,953,541
1844,953,68
2334,954,707
2333,954,214
2338,955,444
2339,956,255
2601,957,418
2603,958,395
2610,959,148
2748,960,186
2747,960,112
2749,961,263
3124,962,657
3316,963,114
3348,964,344
3347,964,47
430,965,368
3548,966,300
3549,967,162
3551,968,314
3552,968,416
123,969,394
124,970,424
128,971,222
240,972,334
297,973,156
344,974,569
346,975,596
345,975,595
473,976,495
472,976,269
1011,977,174
1234,978,493
1245,979,216
1246,979,518
1247,980,383
1297,981,319
1431,982,369
1430,982,77
1432,983,211
1434,984,433
1433,984,244
1442,985,107
1439,985,61
1437,985,24
1440,985,87
1438,985,49
1441,985,98
1443,985,174
1445,986,219
1444,986,128
1603,987,298
1633,988,222
1654,989,545
1653,989,302
1657,990,222
1656,990,214
1660,991,337
1668,992,418
1820,993,425
1867,994,135
2067,995,102
2068,995,559
2070,996,150
2211,997,247
2210,997,222
2212,997,446
2209,997,174
2775,998,210
2837,999,128
3121,1000,322
3120,1000,65
3119,1000,24
3122,1001,131
3144,1002,78
3145,1002,104
3196,1003,525
3248,1004,151
3250,1004,590
3249,1004,269
3261,1005,441
3295,1006,208
3294,1006,201
3455,1007,63
420,1008,323
421,1008,476
419,1008,189
423,1009,659
424,1010,294
619,1011,215
626,1012,148
821,1013,530
820,1013,459
910,1014,112
911,1015,178
912,1015,644
938,1016,495
937,1016,454
942,1017,240
944,1017,269
949,1017,442
939,1017,227
946,1017,330
940,1017,229
943,1017,243
950,1017,559
947,1017,351
948,1017,390
945,1017,275
941,1017,232
951,1018,229
1680,1019,344
1751,1020,483
1750,1020,6
1786,1021,98
1785,1021,87
1783,1021,52
1789,1021,518
1788,1021,188
1782,1021,24
1787,1021,174
1784,1021,61
1790,1022,353
1873,1023,148
1872,1023,128
1874,1023,174
1875,1023,219
1876,1023,222
2166,1024,184
2167,1024,264
2168,1025,313
2169,1026,365
2170,1027,365
2171,1028,702
2195,1029,707
2447,1030,121
2505,1031,85
2509,1032,145
2510,1033,171
2511,1034,263
2669,1035,337
2931,1036,133
3245,1037,17
3247,1037,458
3246,1037,52
3298,1038,257
3297,1038,34
3638,1039,160
110,1040,277
156,1041,734
155,1041,424
258,1042,371
261,1043,99
264,1044,645
263,1044,610
262,1044,604
301,1045,734
687,1046,308
851,1047,159
850,1047,43
854,1047,344
853,1047,234
849,1047,29
852,1047,188
971,1048,293
985,1049,461
986,1049,693
987,1050,135
988,1050,445
1147,1051,261
1155,1052,162
1352,1053,174
1354,1053,616
1353,1053,249
1351,1053,49
1360,1054,466
1359,1054,418
1429,1055,482
1459,1056,117
1460,1057,352
1461,1058,124
1462,1058,490
1463,1058,504
1466,1059,288
1818,1060,432
2019,1061,144
2029,1062,686
2028,1062,184
2126,1063,316
2125,1063,9
2198,1064,174
2199,1065,147
2220,1066,408
2371,1067,402
2373,1068,282
2378,1069,265
2426,1070,72
2433,1071,72
2645,1072,462
2651,1073,729
2805,1074,379
2806,1075,418
2807,1075,466
3326,1076,462
3343,1077,353
3386,1078,63
3518,1079,264
3519,1080,653
9,1081,550
37,1082,222
38,1083,174
43,1084,174
44,1084,519
42,1084,135
78,1085,155
286,1086,135
289,1087,429
288,1087,381
290,1087,439
287,1087,162
291,1087,530
402,1088,590
408,1089,559
407,1089,412
405,1089,251
404,1089,102
406,1089,390
414,1090,610
413,1090,288
415,1091,288
434,1092,756
647,1093,308
739,1094,126
927,1095,734
928,1096,461
1179,1097,29
1384,1098,448
1655,1099,302
1658,1100,513
1672,1101,365
1673,1101,762
1792,1102,288
1793,1103,412
1794,1104,82
1796,1105,82
2588,1106,40
2654,1107,402
2655,1107,499
2762,1108,479
2816,1109,621
2815,1109,184
2817,1110,98
2818,1110,595
2820,1111,445
2819,1111,323
2823,1112,395
2822,1112,214
2825,1113,266
2824,1113,211
2984,1114,249
2985,1115,24
2986,1115,61
2988,1115,174
2987,1115,98
2989,1115,418
2990,1115,595
3056,1116,449
3123,1117,141
129,1118,244
130,1118,365
136,1119,298
137,1120,484
283,1121,175
281,1121,49
284,1121,222
285,1121,493
282,1121,174
322,1122,178
353,1123,450
357,1124,496
901,1125,226
1049,1126,29
1050,1126,231
1051,1126,328
1052,1126,344
1083,1127,69
1085,1128,69
1135,1129,300
1186,1130,336
1187,1131,370
1189,1132,422
1188,1132,370
1199,1133,276
1370,1134,264
1369,1134,184
1371,1135,98
1372,1135,323
1373,1135,365
1374,1136,381
1487,1137,525
1568,1138,135
1722,1139,516
1726,1140,730
1924,1141,660
1923,1141,124
2556,1142,36
2555,1142,29
2557,1142,202
2732,1143,300
2744,1144,394
2743,1144,369
2897,1145,445
2901,1146,423
2902,1147,466
2951,1148,514
3087,1149,178
3135,1150,440
3134,1150,419
3138,1151,49
3140,1151,569
3139,1151,395
3143,1152,1
3262,1153,122
3266,1154,156
3613,1155,407
7,1156,126
8,1156,225
168,1157,314
625,1158,222
624,1158,214
627,1159,168
809,1160,644
865,1161,493
864,1161,466
869,1162,622
871,1163,395
1012,1164,85
1014,1165,92
1639,1166,791
1719,1167,153
1724,1168,116
1725,1168,308
1815,1169,286
1817,1169,562
1816,1169,332
1979,1170,361
1980,1170,479
2196,1171,588
2377,1172,272
2376,1172,118
2389,1173,655
2437,1174,285
2438,1174,472
2440,1175,573
2530,1176,178
2531,1176,299
2536,1177,178
2593,1178,321
2592,1178,26
2595,1179,151
2594,1179,108
2598,1180,682
2597,1180,500
3100,1181,92
3274,1182,196
3293,1183,298
3327,1184,159
3499,1185,621
3500,1185,622
3501,1186,395
3502,1187,83
3507,1188,900
3506,1188,596
3508,1189,616
3509,1189,702
4,1190,174
5,1190,523
6,1190,611
109,1191,209
112,1192,284
114,1193,156
115,1194,330
116,1195,284
305,1196,331
675,1197,254
740,1198,75
903,1199,381
909,1200,322
913,1201,518
1082,1202,206
1091,1203,47
1092,1203,130
1112,1204,329
1184,1205,104
1183,1205,78
1282,1206,894
1361,1207,223
1376,1208,146
1417,1209,298
1539,1210,239
1538,1211,278
1547,1212,258
1548,1212,403
1546,1212,118
1545,1212,71
1549,1213,647
1729,1214,87
1728,1214,29
1733,1215,446
1731,1215,175
1732,1215,418
1991,1216,133
1994,1216,244
1993,1216,203
1989,1216,61
1992,1216,162
1990,1216,98
2251,1217,256
2332,1218,72
2443,1219,87
2442,1219,29
2693,1220,921
2692,1220,894
2714,1221,596
2715,1221,611
2713,1221,464
2716,1221,662
2723,1222,419
2962,1223,518
2961,1223,466
3059,1224,255
3107,1225,200
3217,1226,323
3692,1227,131
3699,1228,44
3701,1229,67
142,1230,471
256,1231,659
384,1232,466
436,1233,394
599,1234,441
629,1235,785
630,1236,568
631,1237,460
632,1237,535
634,1238,174
637,1239,704
636,1239,520
635,1239,200
727,1240,397
729,1241,121
794,1242,82
796,1243,604
795,1243,288
953,1244,164
984,1245,437
1290,1246,63
1676,1247,107
1675,1247,98
1677,1247,174
1674,1247,80
1685,1248,472
1715,1249,336
1716,1249,504
1752,1250,50
1935,1251,785
2066,1252,141
2192,1253,532
2620,1254,294
2618,1254,80
2619,1254,98
2939,1255,636
2938,1255,544
3052,1256,325
3084,1257,24
3136,1258,753
3315,1259,322
3320,1260,174
3321,1260,381
3324,1260,894
3323,1260,466
3322,1260,395
3325,1261,135
3490,1262,590
3495,1263,821
3744,1264,174
153,1265,443
226,1266,358
348,1267,175
347,1267,174
350,1268,306
349,1268,283
398,1269,116
460,1270,80
461,1270,168
462,1270,711
508,1271,286
506,1271,138
507,1271,241
517,1272,52
516,1272,47
564,1273,216
565,1273,392
563,1273,181
566,1273,658
608,1274,444
662,1275,322
665,1276,261
664,1276,222
669,1277,659
667,1277,77
668,1277,336
863,1278,65
876,1279,466
874,1279,214
875,1279,222
873,1279,61
881,1280,114
884,1281,789
885,1282,414
886,1283,560
887,1283,600
889,1284,446
891,1284,569
890,1284,466
888,1284,49
892,1285,370
894,1286,135
899,1287,857
898,1287,597
897,1287,298
1100,1288,596
1098,1288,323
1099,1288,544
1101,1289,200
1191,1290,121
1268,1291,356
1269,1291,401
1271,1291,559
1270,1291,405
1273,1292,451
1276,1293,82
1275,1294,82
2116,1295,673
2117,1296,644
2124,1297,170
2306,1298,456
2311,1299,75
2340,1300,391
2372,1301,336
2504,1302,223
2538,1303,1003
2537,1303,525
2558,1304,322
2565,1305,215
2617,1306,224
2707,1307,288
2709,1308,690
2712,1309,496
2976,1310,20
3240,1311,199
1492,1312,261
3634,1313,364
3729,1314,184
3734,1315,600
3732,1315,49
3733,1315,350
3736,1316,417
106,1317,152
141,1318,546
143,1319,425
144,1319,675
145,1320,362
152,1321,321
167,1322,669
203,1323,955
292,1324,178
293,1325,145
294,1325,352
328,1326,406
329,1326,664
646,1327,468
648,1328,68
649,1328,145
1039,1329,318
1038,1329,300
1037,1329,222
1041,1330,300
1043,1330,636
1042,1330,394
1204,1331,446
1202,1331,214
1203,1331,222
1286,1332,87
1289,1332,702
1288,1332,98
1287,1332,89
1346,1333,325
1456,1334,505
1593,1335,239
1595,1335,731
1594,1335,496
1597,1336,1032
1596,1336,145
1601,1337,655
2256,1338,188
2261,1339,29
2262,1339,167
2263,1339,202
2264,1339,231
2637,1340,456
2675,1341,291
2676,1341,616
2678,1342,653
2681,1343,673
2682,1344,479
2684,1345,636
2874,1346,755
2875,1347,534
2877,1348,446
2876,1348,184
2878,1349,418
2879,1349,466
2880,1350,381
2900,1351,472
2960,1352,545
2964,1353,386
2963,1353,367
2998,1354,811
2999,1355,495
3000,1356,146
3001,1356,590
3118,1357,532
3260,1358,258
3259,1358,118
1579,1359,462
3459,1360,231
3460,1360,523
3458,1360,167
3457,1360,36
3462,1361,398
3489,1362,475
3587,1363,642
3590,1364,174
3600,1365,499
3599,1365,468
75,1366,1001
253,1367,197
255,1368,194
324,1369,399
330,1370,314
476,1371,532
623,1372,608
670,1373,70
672,1373,360
671,1373,226
780,1374,282
801,1375,79
957,1376,228
954,1376,68
956,1376,124
955,1376,99
958,1376,304
991,1377,291
992,1377,323
1000,1378,267
1001,1379,707
1072,1380,388
1161,1381,345
1162,1381,386
1164,1382,118
1259,1383,323
1258,1383,300
1261,1383,629
1260,1383,544
1257,1383,174
1262,1383,693
1465,1384,537
1584,1385,68
1587,1385,315
1585,1385,99
1589,1385,541
1586,1385,303
1588,1385,502
1638,1386,927
1778,1387,222
1933,1388,406
1954,1389,801
1959,1390,569
1955,1390,460
1960,1390,617
1961,1390,618
1958,1390,568
1962,1390,622
1956,1390,466
1957,1390,513
1965,1391,582
1963,1391,98
1964,1391,438
1968,1392,381
2074,1393,528
2073,1393,466
2137,1394,315
2424,1395,781
2628,1396,128
2627,1396,40
2625,1396,6
2626,1396,7
3009,1397,395
3010,1398,98
3075,1399,292
3076,1400,299
3079,1401,246
3077,1401,160
3078,1401,232
3080,1402,614
3081,1402,737
3383,1403,213
3604,1404,793
122,1405,512
118,1405,261
119,1405,300
120,1405,418
121,1405,493
361,1406,266
369,1407,712
370,1408,174
373,1409,464
372,1409,214
371,1409,174
483,1410,438
618,1411,564
1313,1412,365
1315,1413,310
1318,1414,702
1317,1414,142
1334,1415,555
1464,1416,102
1575,1417,1089
1619,1418,406
2088,1419,711
2087,1419,78
2258,1420,261
2257,1420,170
2265,1421,499
2266,1421,673
2269,1422,322
2270,1422,789
2271,1423,394
2369,1424,876
2428,1425,291
2430,1426,817
2528,1427,152
2572,1428,828
2569,1428,329
2571,1428,721
2570,1428,595
2582,1429,564
2910,1430,510
2911,1430,592
2909,1430,471
3222,1431,206
3380,1432,789
3565,1433,601
3611,1434,595
3610,1434,291
3612,1435,909
3614,1436,596
3617,1437,595
3619,1437,702
3616,1437,214
3618,1437,693
3615,1437,98
3622,1438,135
3624,1438,649
3623,1438,249
105,1439,549
160,1440,644
220,1441,500
219,1441,330
221,1442,886
921,1443,49
922,1443,659
1061,1444,159
1095,1445,130
1105,1446,611
1107,1447,424
1109,1448,1028
1108,1448,855
1111,1449,975
1136,1450,16
1200,1451,525
1322,1452,785
1321,1452,534
1326,1453,200
1418,1454,28
1419,1455,497
1422,1456,501
1421,1456,386
1420,1456,345
1424,1457,509
1423,1457,501
1550,1458,203
1551,1459,340
1847,1460,156
1983,1461,182
2108,1462,203
2203,1463,466
2201,1463,214
2202,1463,222
2200,1463,61
2239,1464,114
2240,1465,673
2241,1466,429
2243,1466,493
2242,1466,479
2244,1466,808
2248,1467,569
2247,1467,460
2249,1467,673
2374,1468,513
2375,1469,659
2397,1470,590
2395,1470,151
2398,1470,1004
2396,1470,269
2608,1471,659
2605,1471,214
2607,1471,365
2606,1471,222
2604,1471,175
2722,1472,189
2760,1473,225
2759,1473,126
2852,1474,839
3007,1475,562
3006,1475,257
3050,1476,206
3253,1477,554
3252,1477,464
3255,1477,636
3256,1477,662
3254,1477,595
3342,1478,98
3387,1479,947
3392,1480,780
3391,1480,479
96,1481,226
97,1481,603
158,1482,432
213,1483,479
411,1484,128
412,1484,241
410,1484,43
409,1484,3
498,1485,945
499,1486,214
500,1486,300
501,1486,945
693,1487,215
694,1488,75
699,1489,337
698,1489,193
702,1490,184
711,1491,294
712,1491,323
868,1492,717
1113,1493,560
1366,1494,408
1478,1495,151
1479,1495,161
1477,1495,51
1480,1495,228
1626,1496,392
1629,1497,63
1735,1498,448
2058,1499,947
2072,1500,285
2224,1501,818
2361,1502,509
2360,1502,501
2359,1502,273
2470,1503,135
2766,1504,485
2829,1505,325
3003,1506,104
3113,1507,852
3115,1508,662
3296,1509,686
3300,1510,414
3465,1511,914
3479,1512,1275
3478,1512,889
3498,1513,515
3541,1514,454
3540,1514,269
3539,1514,227
3542,1515,112
3543,1516,251
3544,1517,288
3546,1518,604
3545,1518,288
3550,1519,288
3554,1520,288
3553,1521,288
3603,1522,350
15,1523,598
34,1524,300
33,1524,222
251,1525,717
588,1526,135
594,1526,685
593,1526,544
589,1526,174
591,1526,414
590,1526,291
592,1526,519
597,1527,688
598,1527,771
766,1528,498
767,1528,527
822,1529,783
824,1530,466
823,1530,222
825,1531,184
827,1532,921
826,1532,590
838,1533,464
839,1533,596
845,1534,900
906,1535,984
1081,1536,1004
1080,1536,590
1078,1536,151
1079,1536,269
1138,1537,441
1141,1538,886
1143,1539,490
1145,1539,902
1144,1539,888
1142,1539,305
1277,1540,285
1278,1540,918
1298,1541,665
1884,1542,842
1885,1543,544
1889,1544,651
1888,1544,593
1886,1544,170
1887,1544,499
1890,1545,249
1891,1545,300
1937,1546,79
1939,1547,627
2138,1548,215
2139,1549,988
2141,1550,395
2143,1551,597
2144,1552,237
2145,1553,774
2193,1554,302
2286,1555,686
2287,1555,909
2284,1555,135
2285,1555,469
2288,1556,727
2289,1556,832
2303,1557,265
2862,1558,11
2906,1559,699
2907,1560,153
2919,1561,256
2942,1562,226
2978,1563,500
2979,1563,792
3049,1564,231
3170,1565,519
3171,1565,686
3172,1566,852
3174,1567,816
3173,1567,686
3176,1568,636
3179,1569,770
3178,1569,264
3177,1569,184
3355,1570,734
3354,1570,472
3361,1571,297
3370,1572,653
3371,1573,649
3372,1573,673
3374,1574,464
3375,1575,184
3376,1576,461
3382,1577,538
3385,1578,174
3409,1579,440
3536,1580,480
3562,1581,249
3564,1582,491
3563,1582,377
3645,1583,449
3719,1584,119
3738,1585,482
3751,1586,406
70,1587,406
71,1587,664
154,1588,259
323,1589,174
325,1590,635
326,1590,789
327,1590,827
334,1591,637
440,1592,202
439,1592,167
437,1592,29
438,1592,36
443,1593,205
465,1594,702
464,1594,673
481,1595,831
480,1595,519
482,1596,249
485,1597,642
586,1598,323
585,1598,174
855,1599,381
952,1600,249
961,1601,87
963,1602,594
989,1603,918
1131,1604,383
1132,1604,850
1316,1605,183
1323,1606,563
1325,1607,519
1324,1607,195
1332,1608,98
1333,1608,642
1331,1608,89
1330,1608,87
1329,1608,61
1536,1609,212
1540,1610,420
1542,1611,504
1541,1611,425
1544,1612,246
1543,1612,151
1606,1613,48
1607,1613,49
1665,1614,135
1727,1615,434
1917,1616,698
1916,1616,440
1925,1617,170
2348,1618,121
2349,1619,266
2350,1620,98
2358,1621,564
2390,1622,846
2422,1623,655
2517,1624,519
2521,1624,734
2522,1624,1067
2516,1624,487
2520,1624,601
2519,1624,554
2518,1624,529
2523,1624,1084
2515,1624,135
2524,1625,754
2630,1626,1031
2629,1626,85
2631,1627,251
2644,1628,596
2719,1629,48
2720,1629,314
2721,1630,310
3004,1631,381
3005,1631,1008
3258,1632,446
3356,1633,148
3357,1633,381
3422,1634,595
3421,1634,464
3420,1634,458
3438,1635,519
3439,1635,800
3440,1635,909
3449,1636,641
3593,1637,1287
3592,1637,611
3594,1638,989
3595,1639,754
3596,1640,876
3597,1641,1000
3598,1642,734
3758,1643,425
3759,1643,490
3757,1643,400
3756,1643,228
61,1644,300
62,1644,636
362,1645,325
401,1646,751
466,1647,356
486,1648,456
691,1649,717
690,1650,235
689,1650,177
709,1651,427
715,1652,736
720,1653,808
716,1653,395
719,1653,791
717,1653,466
721,1653,954
718,1653,595
797,1654,525
858,1655,1005
902,1656,588
1264,1657,676
1379,1658,1085
1378,1658,983
1383,1659,930
1381,1659,98
1382,1659,659
1385,1660,793
1386,1661,133
1387,1661,340
1410,1662,282
1723,1663,790
1744,1664,589
1745,1665,519
1747,1666,417
1746,1666,247
1799,1667,525
1854,1668,214
1856,1669,909
1938,1670,218
1971,1671,482
1985,1672,546
1986,1673,412
2090,1674,214
2091,1674,222
2092,1675,61
2095,1675,466
2094,1675,222
2093,1675,214
2431,1676,502
2452,1677,196
2621,1678,424
2623,1679,513
2753,1680,611
2751,1680,506
2752,1680,523
2750,1680,148
2828,1681,495
2827,1681,278
2831,1682,500
2830,1682,330
2832,1683,263
2833,1683,730
2937,1684,801
2936,1684,214
3069,1685,1358
3110,1686,439
3364,1687,659
3365,1687,703
3396,1688,174
3399,1688,808
3397,1688,464
3398,1688,595
3401,1689,459
3403,1689,831
3402,1689,529
3406,1690,909
3404,1690,50
3407,1690,1082
3405,1690,222
3408,1691,855
3520,1692,288
3523,1693,623
3630,1694,696
3631,1695,1178
3633,1696,516
3691,1697,406
3723,1698,843
3722,1698,827
3725,1699,827
3724,1699,683
92,1700,234
140,1701,350
270,1702,483
386,1703,538
388,1704,1284
389,1704,1349
387,1704,673
514,1705,482
531,1706,798
534,1707,591
533,1708,454
932,1709,196
969,1710,128
968,1710,43
970,1711,368
1075,1712,466
1074,1712,351
1169,1713,479
1364,1714,269
1365,1714,590
1363,1714,151
1396,1715,1017
1395,1715,786
1399,1716,804
1467,1717,121
1468,1717,1290
1476,1718,852
1490,1719,1405
1598,1720,383
1857,1721,94
1878,1722,104
1882,1722,928
1880,1722,216
1881,1722,615
1879,1722,181
1927,1723,271
1928,1723,952
2100,1724,247
2101,1725,374
2102,1725,946
2106,1726,597
2107,1726,857
2245,1727,244
2246,1728,596
2331,1729,482
2341,1730,295
2343,1731,372
2344,1732,516
2345,1733,403
2346,1734,728
2379,1735,170
2380,1735,747
2381,1736,597
2384,1737,683
2382,1737,174
2383,1737,649
2449,1738,456
2529,1739,426
2533,1740,669
2653,1741,779
2763,1742,734
2765,1742,1080
2764,1742,1049
2794,1743,36
2908,1744,577
3020,1745,665
3042,1746,220
3238,1747,206
3251,1748,955
3265,1749,222
3264,1749,214
3269,1750,702
3469,1751,146
3491,1752,622
3492,1752,679
3494,1753,264
3579,1754,482
3605,1755,1195
3607,1756,156
3608,1756,773
3609,1757,1442
3721,1758,706
3728,1759,1111
3727,1759,747
3726,1759,512
3745,1760,683
3750,1761,174
68,1762,642
69,1762,703
147,1763,279
250,1764,87
259,1765,279
260,1765,543
364,1766,861
366,1767,1229
447,1768,949
446,1768,742
448,1768,1429
445,1768,314
736,1769,271
770,1770,135
771,1771,98
772,1771,174
773,1772,693
775,1773,556
774,1773,545
776,1774,816
777,1775,947
778,1776,381
806,1777,416
862,1778,354
1023,1779,570
1024,1780,372
1025,1781,1032
1071,1782,930
1104,1783,482
1416,1784,1156
1553,1785,131
1620,1786,226
1756,1787,586
2099,1788,539
2115,1789,306
2140,1790,195
2142,1791,611
2179,1792,39
2316,1793,171
2317,1793,643
2330,1794,500
2363,1795,743
2461,1796,146
2463,1796,590
2462,1796,269
2465,1797,872
2466,1798,357
2467,1799,330
2468,1799,500
2503,1800,482
2544,1801,1438
2541,1801,174
2543,1801,990
2542,1801,843
2545,1802,1064
2546,1803,80
2547,1804,909
2551,1805,369
2554,1805,659
2550,1805,323
2549,1805,291
2553,1805,635
2552,1805,518
2548,1805,174
2563,1806,329
2566,1807,416
2649,1808,611
2650,1808,720
2648,1808,370
2844,1809,126
2845,1809,203
3048,1810,664
3132,1811,571
3158,1812,999
3157,1812,634
3154,1812,70
3156,1812,182
3155,1812,106
3346,1813,495
3358,1814,322
3359,1814,326
3360,1815,814
3363,1816,1113
3362,1816,266
3583,1817,866
3585,1818,136
3586,1818,801
3743,1819,570
3749,1820,197
26,1821,651
27,1822,49
28,1822,98
254,1823,834
367,1824,873
368,1825,448
579,1826,331
580,1826,1196
803,1827,276
810,1828,94
813,1829,192
812,1829,157
811,1829,104
859,1830,78
1206,1831,607
1210,1832,1414
1209,1832,1051
1208,1832,770
1212,1833,214
1213,1833,222
1214,1834,359
1217,1835,1187
1216,1835,322
1283,1836,162
1284,1837,215
1493,1838,318
1498,1839,84
1499,1839,195
1608,1840,763
1612,1841,976
1717,1842,159
1718,1843,642
1720,1844,135
1721,1844,594
1836,1845,474
1835,1845,437
2069,1846,408
2172,1847,432
2208,1848,1080
2207,1848,1049
2206,1848,734
2362,1849,156
2436,1850,898
2435,1850,43
2491,1851,128
2492,1851,219
2493,1851,668
2499,1852,392
2512,1853,87
2761,1854,423
2941,1855,534
2996,1856,482
3019,1857,401
3018,1857,228
3017,1857,151
3032,1858,995
3031,1858,299
3028,1858,229
3029,1858,232
3033,1858,1043
3030,1858,243
3027,1858,108
3035,1859,229
3037,1859,723
3034,1859,190
3036,1859,348
3046,1860,326
3045,1860,146
3097,1861,1151
3096,1861,409
3099,1862,429
3098,1862,174
3102,1863,593
3103,1863,683
3114,1864,1131
3471,1865,975
3674,1866,605
3673,1866,11
177,1867,344
176,1867,36
175,1867,29
178,1868,40
181,1869,654
180,1869,264
179,1869,38
271,1870,617
471,1871,946
470,1871,828
697,1872,313
700,1873,703
701,1873,1163
708,1874,378
707,1875,1110
705,1875,595
706,1875,975
704,1875,479
836,1876,122
832,1877,430
837,1878,822
842,1879,453
841,1879,251
840,1879,161
844,1880,393
847,1881,1034
846,1882,372
923,1883,659
924,1884,656
1015,1885,87
1393,1886,996
1486,1887,734
1537,1888,751
1592,1889,200
1666,1890,80
1687,1891,398
1714,1892,94
2044,1893,1220
2043,1893,1206
2046,1894,144
2048,1894,394
2045,1894,15
2047,1894,267
2049,1895,596
2050,1895,1479
2053,1896,1147
2056,1896,1332
2051,1896,1087
2054,1896,1151
2052,1896,1119
2055,1896,1284
2057,1897,569
2111,1898,732
2176,1899,995
2182,1900,577
2181,1900,564
2274,1901,1268
2277,1902,414
2351,1903,178
2352,1903,449
2393,1904,500
2394,1904,886
2404,1905,405
2403,1905,390
2407,1905,995
2405,1905,557
2402,1905,330
2400,1905,112
2408,1905,1032
2406,1905,559
2401,1905,243
2399,1905,102
2409,1905,1089
2411,1906,289
2413,1906,386
2415,1906,495
2412,1906,367
2414,1906,431
2410,1906,151
2416,1906,885
2469,1907,686
2602,1908,216
2616,1909,346
2861,1910,158
2895,1911,432
3039,1912,675
3128,1913,220
3133,1914,170
3349,1915,370
3350,1915,777
3352,1916,1391
3351,1916,1011
3427,1917,867
3467,1918,818
3547,1919,347
3559,1920,923
3558,1920,791
3717,1921,482
3730,1922,1152
3737,1923,160
19,1924,370
20,1924,422
40,1925,1287
39,1925,1221
41,1925,1344
45,1926,244
46,1926,364
111,1927,544
429,1928,373
467,1929,281
651,1930,562
663,1931,3
726,1932,244
725,1932,133
916,1933,172
917,1933,581
918,1933,682
930,1934,1084
929,1934,785
1086,1935,960
1119,1936,743
1235,1937,60
1256,1938,1165
1312,1939,854
1453,1940,840
1819,1941,1254
1828,1942,425
2006,1943,406
2007,1943,664
2039,1944,156
2453,1945,1113
2474,1946,133
2473,1946,49
2476,1946,365
2475,1946,364
2490,1947,908
2487,1948,1051
2495,1949,857
2494,1949,519
2496,1949,967
2532,1950,1049
2708,1951,1249
2734,1952,1209
2733,1952,298
2735,1953,1203
2814,1954,482
2841,1955,796
2842,1956,156
2843,1957,500
2848,1958,1301
2881,1959,1023
2886,1960,175
2885,1960,174
2887,1961,1132
2892,1962,300
2889,1962,98
2890,1962,148
2891,1962,249
2894,1962,1132
2888,1962,49
2893,1962,459
2994,1963,1535
2992,1964,336
2993,1964,589
2991,1964,61
3456,1965,915
3589,1966,1225
3707,1967,381
66,1968,617
63,1968,376
64,1968,460
65,1968,569
306,1969,882
310,1970,355
311,1971,17
312,1971,49
313,1972,50
315,1972,222
314,1972,98
317,1972,569
316,1972,460
319,1973,688
320,1973,771
321,1974,900
493,1975,642
494,1975,827
496,1976,856
495,1976,323
497,1977,310
571,1978,449
652,1979,544
656,1980,1477
654,1980,945
655,1980,1276
653,1980,323
657,1981,267
658,1982,49
659,1982,493
660,1982,1121
684,1983,1028
761,1984,774
760,1984,459
762,1984,789
763,1985,381
765,1985,691
764,1985,466
872,1986,308
3761,1987,660
1340,1988,139
1345,1989,344
1344,1989,328
1342,1989,167
1343,1989,231
1341,1989,29
1613,1990,329
1614,1991,808
1615,1992,909
1616,1993,569
1622,1994,466
1623,1994,806
1621,1994,174
1795,1995,385
1807,1996,545
1808,1997,222
1809,1998,866
1810,1999,285
1811,1999,323
1812,2000,538
1932,2001,1307
1931,2001,744
1995,2002,909
2011,2003,843
2370,2004,203
2624,2005,254
2689,2006,406
2690,2006,697
2691,2007,1307
2826,2008,158
2864,2009,87
2865,2009,157
2867,2009,518
2866,2009,216
2863,2009,40
3165,2010,215
3191,2011,23
3201,2012,789
3202,2012,1118
3203,2013,260
3205,2014,1452
3204,2014,1146
3214,2015,365
3215,2015,800
3216,2015,1112
3218,2016,467
3219,2017,1134
3410,2018,525
3461,2019,529
3463,2020,350
3484,2021,1323
3567,2022,728
3568,2022,744
3569,2022,798
3571,2023,1538
3573,2024,696
3572,2024,11
3574,2025,198
3575,2025,797
3577,2026,290
3671,2027,789
3672,2028,451
3702,2029,827
3703,2029,843
3704,2029,945
52,2030,460
54,2030,1237
53,2030,535
56,2031,1237
55,2031,535
209,2032,790
269,2033,1156
267,2033,691
268,2033,813
352,2034,213
526,2035,296
527,2035,420
528,2035,462
609,2036,86
611,2037,328
612,2038,196
613,2039,582
614,2039,1037
661,2040,157
999,2041,459
996,2041,148
997,2041,249
995,2041,98
994,2041,49
998,2041,300
1005,2042,214
1007,2042,466
1006,2042,222
1004,2042,61
1027,2043,98
1028,2044,734
1029,2045,440
1030,2045,698
1031,2046,1422
1046,2047,501
1048,2047,1502
1047,2047,509
1076,2048,418
1077,2049,794
1248,2050,590
1291,2051,954
1294,2052,611
1295,2053,601
1303,2054,314
1367,2055,1122
1394,2056,1291
1400,2057,1211
1403,2058,1441
1402,2058,500
1401,2058,330
1409,2059,1058
1407,2059,305
1405,2059,53
1404,2059,2
1406,2059,56
1408,2059,902
1411,2060,171
1475,2061,945
1474,2061,635
1472,2061,544
1469,2061,6
1473,2061,582
1470,2061,247
1471,2061,417
1485,2062,932
1483,2063,323
1484,2063,944
1482,2063,294
1859,2064,668
2040,2065,78
2041,2066,41
2042,2066,128
2385,2067,514
2450,2068,514
2586,2069,1146
2587,2070,1479
2665,2071,278
2666,2072,489
2670,2073,1044
2736,2074,79
2737,2074,114
2738,2075,984
2745,2076,364
2812,2077,466
2809,2077,174
2810,2077,214
2811,2077,222
3515,2078,767
3516,2079,1126
3561,2080,176
3620,2081,395
3621,2081,594
174,2082,902
222,2083,215
224,2084,1345
225,2085,499
227,2086,550
228,2086,947
229,2087,673
230,2088,174
235,2089,635
231,2089,6
232,2089,247
233,2089,417
234,2089,582
241,2090,1633
358,2091,1409
359,2091,1437
383,2092,178
425,2093,1397
522,2094,243
523,2095,99
524,2095,141
530,2096,150
529,2097,358
572,2098,186
573,2098,500
743,2099,156
919,2100,691
993,2101,707
1121,2102,580
1163,2103,210
1168,2104,1179
1167,2104,1058
1166,2104,504
1165,2104,53
1172,2105,156
1221,2106,78
1225,2107,219
1227,2107,607
1224,2107,216
1223,2107,138
1228,2107,635
1222,2107,6
1226,2107,241
1488,2108,158
1641,2109,222
1642,2109,291
1640,2109,174
1643,2109,395
1644,2110,1295
1645,2111,686
1646,2112,1036
1648,2113,402
1649,2113,519
1647,2113,249
1650,2113,1067
1651,2114,945
1841,2115,402
1892,2116,954
1894,2117,801
1896,2118,1174
1897,2119,464
1898,2120,550
1900,2121,1390
1921,2122,249
1920,2122,215
1922,2122,291
1919,2122,174
1926,2123,793
1930,2124,184
2156,2125,1667
2155,2125,1451
2154,2125,525
2164,2126,1502
2178,2127,364
2183,2128,1452
2184,2129,200
2186,2130,990
2188,2131,742
2187,2131,310
2189,2132,381
2190,2133,588
2329,2134,194
2328,2134,186
2439,2135,697
2668,2136,834
2859,2137,774
2953,2138,710
2952,2138,167
3011,2139,500
3055,2140,1128
3505,2141,1015
3504,2141,924
3511,2142,937
3510,2142,300
3531,2143,1545
51,2144,672
50,2144,349
76,2145,588
77,2145,1145
79,2146,460
83,2147,529
81,2147,487
85,2147,601
84,2147,554
82,2147,519
87,2147,1067
88,2147,1084
86,2147,734
80,2147,135
89,2148,50
91,2149,1186
90,2149,1111
94,2150,1288
93,2150,673
98,2151,1499
99,2152,1087
100,2153,712
102,2154,1066
208,2155,418
302,2156,1234
337,2157,265
340,2158,419
343,2158,932
342,2158,904
341,2158,680
339,2158,414
338,2158,350
395,2159,1397
399,2160,178
455,2161,869
456,2162,570
458,2163,797
459,2164,210
474,2165,697
587,2166,1225
1173,2167,1180
1267,2168,837
1265,2168,348
1266,2168,521
1274,2169,951
1304,2170,36
1602,2171,443
1678,2172,955
1679,2172,1748
1686,2173,659
1694,2174,300
1696,2174,487
1693,2174,298
1690,2174,135
1688,2174,49
1692,2174,249
1698,2174,760
1691,2174,148
1699,2174,987
1689,2174,98
1697,2174,523
1695,2174,459
1730,2175,1094
1918,2176,582
1984,2177,412
1996,2178,828
1998,2179,673
1999,2179,702
2000,2179,808
2001,2179,855
1997,2179,662
2002,2180,971
2004,2181,595
2005,2181,673
2003,2181,147
2083,2182,1493
2082,2182,1080
2081,2182,1049
2079,2182,215
2080,2182,867
2084,2183,314
2231,2184,304
2279,2185,1146
2281,2186,783
2280,2186,582
2283,2186,1529
2282,2186,1409
2290,2187,1465
2291,2187,1551
2292,2188,852
2297,2189,736
2296,2189,721
2293,2189,464
2294,2189,579
2295,2189,688
2299,2190,418
2300,2190,762
2298,2190,174
2301,2190,856
2302,2190,1119
2304,2191,313
2307,2192,613
2308,2193,853
2368,2194,1116
2392,2195,482
2418,2196,549
2441,2197,385
2448,2198,141
2599,2199,664
2600,2200,564
2672,2201,598
2673,2202,1150
2685,2203,285
2686,2203,472
3117,2204,1358
3137,2205,1385
3148,2206,1246
3184,2207,1162
3185,2207,1500
3186,2208,285
3187,2208,918
3188,2209,740
3195,2210,425
3331,2211,1183
3329,2211,327
3330,2211,657
3415,2212,1211
3413,2212,317
3412,2212,303
3414,2212,1017
3411,2212,2
3632,2213,1500
3636,2214,1290
3635,2214,121
3637,2215,1176
3647,2216,225
3646,2216,126
3655,2217,774
3654,2217,543
3656,2217,1363
3661,2218,629
3668,2218,1668
3663,2218,762
3665,2218,873
3659,2218,222
3667,2218,1393
3660,2218,464
3657,2218,174
3666,2218,1383
3658,2218,214
3662,2218,693
3664,2218,778
138,2219,369
185,2220,1081
186,2220,1279
197,2221,969
198,2222,434
200,2223,597
201,2223,975
199,2223,174
202,2224,409
204,2225,932
206,2226,1375
247,2227,300
300,2228,663
396,2229,466
397,2230,755
489,2231,482
541,2232,1356
542,2232,1514
537,2232,401
536,2232,378
540,2232,1291
538,2232,450
539,2232,495
543,2233,303
545,2233,1006
544,2233,976
546,2234,1034
547,2235,1140
674,2236,664
673,2236,406
680,2237,704
738,2238,598
751,2239,38
754,2240,659
755,2241,61
756,2241,214
758,2241,466
757,2241,222
877,2242,515
1097,2243,344
1375,2244,1157
1713,2245,952
1738,2246,341
1758,2247,174
1759,2248,707
1760,2249,174
1762,2250,261
1763,2251,249
1779,2252,1274
1953,2253,418
2013,2254,214
2015,2254,595
2012,2254,98
2016,2254,693
2014,2254,298
2017,2255,381
2018,2256,596
2021,2257,909
2023,2258,1864
2032,2259,893
2031,2259,214
2033,2259,1011
2034,2260,611
2035,2260,813
2037,2261,893
2036,2261,702
2038,2262,693
2225,2263,1362
2254,2264,385
2273,2265,1451
2272,2265,1003
2318,2266,1452
2319,2267,1468
2320,2268,136
2432,2269,934
2455,2270,1103
2539,2271,254
2633,2272,746
3150,2273,914
3153,2274,1018
3152,2274,171
3220,2275,1228
3653,2276,244
3650,2276,133
3649,2276,98
3652,2276,203
3648,2276,61
3651,2276,162
3675,2277,347
3679,2277,852
3680,2277,857
3678,2277,801
3677,2277,594
3676,2277,381
3682,2278,789
3683,2278,1422
3681,2278,322
3700,2279,1546
3711,2280,1660
3710,2281,649
159,2282,346
182,2283,133
183,2283,1250
187,2284,222
189,2284,616
191,2284,1409
190,2284,662
188,2284,595
193,2285,1239
192,2285,419
242,2286,609
379,2287,380
380,2287,425
377,2287,229
378,2287,243
385,2288,121
393,2289,133
416,2290,1146
417,2291,573
418,2292,569
422,2293,77
428,2294,1389
553,2295,869
567,2296,834
692,2297,664
798,2298,840
856,2299,412
1236,2300,1105
1237,2300,1242
1285,2301,30
1299,2302,889
1300,2303,479
1302,2303,1603
1301,2303,734
1327,2304,605
1509,2305,562
1515,2306,503
1516,2306,562
1514,2306,219
1517,2306,658
1681,2307,1049
1701,2308,114
1702,2308,282
1703,2309,300
1705,2309,1485
1706,2309,1689
1704,2309,1065
1708,2310,1200
1709,2310,1201
1707,2310,659
1710,2310,1432
1712,2311,1201
1711,2311,787
1739,2312,705
1834,2313,1675
1969,2314,989
1970,2315,828
1972,2316,597
1973,2316,703
1974,2316,791
1975,2317,249
1976,2318,278
1977,2319,784
2148,2320,152
2177,2321,1040
2180,2322,495
2218,2323,790
2219,2323,1452
2223,2324,1459
2222,2325,1347
2227,2326,702
2226,2326,593
2229,2326,855
2230,2326,1065
2228,2326,739
2236,2327,1284
2235,2327,1186
2232,2327,466
2233,2327,649
2234,2327,855
2253,2328,1513
2336,2329,482
2364,2330,156
2514,2331,675
2573,2332,135
2576,2333,649
2577,2333,698
2574,2333,300
2575,2333,560
2578,2333,838
2581,2334,530
2580,2334,459
2784,2335,203
2882,2336,23
2883,2336,1259
2896,2337,156
2905,2338,766
2903,2339,129
2904,2339,766
2922,2340,979
2921,2340,518
2923,2340,982
2920,2340,360
2975,2341,36
2977,2342,640
3040,2343,202
3197,2344,635
3206,2345,249
3211,2346,621
3208,2346,87
3210,2346,260
3207,2346,52
3209,2346,159
3212,2347,364
3213,2347,702
3234,2348,1255
3237,2349,673
3236,2349,569
3235,2349,460
3369,2350,372
3423,2351,1206
3426,2352,686
3424,2352,329
3425,2352,568
3428,2353,989
3429,2354,649
3433,2355,855
3435,2355,1316
3434,2355,954
3430,2355,98
3431,2355,499
3436,2355,1434
3437,2355,1508
3432,2355,595
3448,2356,323
3441,2357,222
3442,2357,909
3454,2358,98
3483,2359,1500
3513,2360,288
3512,2360,210
3578,2361,973
3626,2362,245
3625,2362,109
3627,2363,1814
3628,2364,325
3629,2365,754
21,2366,362
24,2367,156
146,2368,704
252,2369,156
509,2370,1417
520,2371,137
519,2372,330
518,2373,1006
816,2374,98
817,2374,381
818,2374,1050
819,2374,1264
936,2375,156
1013,2376,702
1017,2377,1744
1054,2378,609
1084,2379,830
1190,2380,335
1192,2381,574
1201,2382,1003
1238,2383,742
1241,2384,418
1242,2384,1652
1328,2385,1671
1347,2386,141
1348,2386,348
1362,2387,441
1389,2388,256
1390,2388,307
1428,2389,1856
1491,2390,993
1497,2391,664
1526,2392,291
1527,2393,365
1659,2394,1374
1664,2395,92
1848,2396,432
1850,2397,492
1868,2398,485
1869,2398,1504
1870,2399,1442
1871,2400,1441
1903,2401,216
1904,2401,219
1901,2401,138
1905,2401,241
1902,2401,181
1911,2402,518
1908,2402,291
1914,2402,659
1910,2402,369
1915,2402,981
1912,2402,561
1907,2402,216
1909,2402,323
1906,2402,174
1913,2402,635
1942,2403,903
1941,2403,310
1940,2403,131
1946,2404,245
1945,2404,109
1978,2405,1588
1987,2406,36
2009,2407,764
2260,2408,1534
2275,2409,374
2276,2409,1725
2472,2410,969
2482,2411,988
2477,2412,990
2480,2412,1250
2481,2412,1283
2479,2412,1186
2478,2412,1041
2489,2413,170
2485,2414,1188
2483,2414,266
2484,2414,1113
2486,2414,1619
2488,2415,1350
2500,2416,1464
2498,2417,215
2497,2417,174
2501,2418,600
2694,2419,1452
2699,2420,588
2700,2420,1145
2773,2421,1705
2793,2422,1211
2796,2423,1005
2795,2423,441
2797,2424,869
2798,2425,1293
2799,2426,729
