,source,target
147,1,0
368,2,0
369,2,1
1811,3,0
1812,3,1
2742,4,0
3017,5,1
3016,5,0
3397,6,0
3398,6,1
2194,7,0
2195,7,1
276,8,0
277,8,1
1081,9,1
1080,9,0
1837,10,1
1836,10,0
2719,11,1
2718,11,0
1089,12,0
1090,12,1
3296,13,0
3297,13,1
3298,13,7
1371,14,1
1370,14,0
2620,15,0
2621,15,1
2622,15,7
2886,16,1
2885,16,0
3316,17,1
3315,17,0
1662,18,7
2306,19,7
2544,20,1
2543,20,0
3414,21,13
180,22,0
181,22,1
182,22,7
1556,23,0
1708,24,3
1707,24,1
1706,24,0
2253,25,0
2254,25,7
3729,26,0
3730,26,1
148,27,0
149,27,1
2283,28,1
2282,28,0
2967,29,19
600,30,24
599,30,3
598,30,1
597,30,0
1234,31,7
3226,32,1
3225,32,0
3292,33,0
3293,33,1
110,34,13
312,35,19
313,35,29
539,36,28
1117,37,1
1116,37,0
1961,38,16
3859,39,29
3858,39,19
1350,40,1
1349,40,0
3266,41,1
3267,41,3
3268,41,30
3265,41,0
3410,42,8
3412,42,33
3407,42,0
3411,42,28
3409,42,7
3413,42,37
3408,42,1
3758,43,35
3756,43,19
3757,43,29
1051,44,1
1050,44,0
2146,45,1
2145,45,0
3261,46,29
3260,46,19
3473,47,7
21,48,19
22,48,29
23,48,43
541,49,1
540,49,0
596,50,13
1434,51,7
1870,52,1
1869,52,0
1884,53,43
1883,53,29
1882,53,19
2117,54,1
2116,54,0
2219,55,19
2220,55,29
3554,56,13
627,57,1
626,57,0
1515,58,13
1774,59,36
2241,60,7
2240,60,1
2239,60,0
394,61,59
1141,62,0
1142,62,1
1443,63,22
1442,63,7
1441,63,1
1440,63,0
2314,64,0
2315,64,1
2316,64,7
2542,65,61
3177,66,0
3178,66,1
3204,67,7
3776,68,61
475,69,1
476,69,2
474,69,0
1581,70,7
2600,71,61
2599,71,59
3525,72,61
3569,73,4
994,74,61
1555,75,66
1554,75,1
1553,75,0
3210,76,1
3209,76,0
3314,77,61
3313,77,59
166,78,7
260,79,77
664,80,13
1245,81,77
1535,82,1
1534,82,0
3287,83,61
3566,84,42
3645,85,36
1597,86,61
1988,87,13
2292,88,1
2291,88,0
2296,88,41
2295,88,30
2294,88,24
2293,88,3
2515,89,77
3040,90,81
713,91,0
715,91,3
716,91,30
717,91,41
714,91,1
1316,92,7
1826,93,81
1825,93,77
2086,94,13
2097,95,77
2098,95,81
2176,96,61
2177,96,83
2436,97,61
3720,98,49
3719,98,1
3718,98,0
875,99,3
873,99,0
874,99,1
878,99,91
877,99,41
876,99,30
2165,100,1
2164,100,0
3262,101,13
3278,102,1
3277,102,0
3472,103,13
43,104,61
44,104,77
68,105,1
67,105,0
829,106,77
830,106,86
1413,107,1
1412,107,0
1861,108,36
1871,109,77
2347,110,61
2349,110,97
2348,110,96
2682,111,0
2683,111,1
2734,112,0
2735,112,1
2736,112,2
2737,112,60
561,113,19
562,113,29
563,113,55
720,114,90
719,114,81
824,115,112
1022,116,0
1023,116,1
1394,117,77
1493,118,77
1522,119,0
1523,119,1
1754,120,0
1755,120,1
1756,120,7
1757,120,36
2012,121,18
2279,122,108
3132,123,16
3385,124,55
3382,124,19
3386,124,113
3384,124,43
3383,124,29
729,125,56
728,125,13
884,126,42
1118,127,81
1119,127,90
1361,128,81
1360,128,77
2138,129,108
2137,129,36
3375,130,13
3632,131,61
3633,131,72
477,132,78
822,133,108
821,133,36
841,134,77
1091,135,8
1094,135,84
1093,135,42
1092,135,28
1211,136,13
1860,137,77
409,138,0
410,138,1
411,138,76
842,139,77
843,139,89
956,140,75
955,140,57
954,140,27
953,140,16
952,140,1
951,140,0
1175,141,1
1174,141,0
1228,142,0
1230,142,7
1229,142,1
1765,143,38
2429,144,0
2430,144,1
2431,144,57
3698,145,126
468,146,61
726,147,81
727,147,90
735,148,86
734,148,77
993,149,1
992,149,0
1155,150,112
1156,150,115
1565,151,77
1566,151,109
2084,152,113
2082,152,29
2085,152,124
2083,152,55
2081,152,19
2444,153,133
2440,153,16
2441,153,36
2442,153,38
2443,153,108
2492,154,7
2503,155,61
2941,156,29
2942,156,55
2944,156,124
2939,156,12
2943,156,113
2940,156,19
3116,157,110
3115,157,83
3114,157,61
3113,157,59
3405,158,13
3479,159,13
422,160,0
423,160,1
944,161,77
945,161,81
1991,162,77
3197,163,33
3200,163,150
3198,163,36
3196,163,7
3195,163,1
3199,163,61
45,164,61
46,164,77
95,165,135
96,165,150
94,165,84
93,165,42
1357,166,81
1358,166,90
1512,167,128
1511,167,77
1530,168,135
1580,169,158
1579,169,13
2242,170,145
2802,171,150
2806,172,61
2988,173,1
2989,173,75
2987,173,0
3072,174,0
3073,174,1
3332,175,41
3330,175,3
3329,175,1
3331,175,30
3328,175,0
3507,176,171
70,177,13
117,178,1
116,178,0
131,179,83
132,179,110
130,179,61
129,179,59
198,180,0
199,180,1
200,180,105
383,181,167
381,181,118
380,181,77
382,181,128
585,182,77
862,183,13
1551,184,108
2521,185,77
2520,185,61
3131,186,89
3130,186,77
3394,187,145
3694,188,1
3693,188,0
3860,189,77
241,190,108
488,191,153
487,191,108
486,191,105
672,192,61
1035,193,148
1323,194,41
1322,194,30
1324,194,175
1321,194,3
1320,194,1
1319,194,0
1338,195,7
1356,196,143
3453,197,77
1552,198,101
1839,199,77
3,200,29
7,200,156
2,200,19
6,200,124
4,200,55
5,200,113
560,201,200
559,201,156
558,201,124
557,201,113
554,201,19
556,201,55
555,201,29
758,202,195
946,203,61
1876,204,61
1877,204,77
2088,205,158
2087,205,85
2367,206,51
2366,206,7
2445,207,7
2446,207,61
2613,208,7
2614,208,36
2612,208,1
2611,208,0
426,209,82
427,209,119
424,209,0
425,209,1
467,210,150
605,211,45
622,212,176
621,212,150
641,213,0
642,213,1
643,213,28
681,214,86
1056,215,151
1055,215,109
1054,215,89
1053,215,77
1303,216,0
1304,216,1
1532,217,25
1533,217,180
1531,217,0
2095,218,150
2101,219,4
2341,220,95
2452,221,147
2451,221,90
2450,221,81
65,222,36
66,222,111
853,223,113
854,223,124
852,223,55
851,223,29
855,223,156
856,223,200
850,223,19
1574,224,77
2115,225,212
2182,226,150
3170,227,77
3171,227,81
3172,227,93
3359,228,205
3652,229,193
3651,229,148
3667,230,174
466,231,158
465,231,13
646,232,151
645,232,109
644,232,77
647,232,215
1264,233,36
1342,234,0
1343,234,1
1345,234,142
1344,234,7
1927,235,0
1928,235,1
1997,236,0
1999,236,7
1998,236,1
2428,237,77
3685,238,219
3777,239,219
1,240,181
0,240,86
150,241,61
507,242,90
506,242,81
1002,243,13
1305,244,0
1306,244,1
1307,244,2
1308,244,69
2143,245,220
2142,245,77
2650,246,77
2649,246,61
3255,247,0
3256,247,1
3269,248,81
3270,248,90
3271,248,95
3498,249,230
3833,250,240
315,251,1
314,251,0
711,252,108
1275,253,248
1274,253,90
1273,253,81
1558,254,29
1563,254,156
1564,254,200
1560,254,55
1562,254,124
1561,254,113
1557,254,19
1559,254,43
1792,255,195
1793,255,202
2147,256,0
2148,256,1
2671,257,110
2669,257,61
2668,257,59
2670,257,83
2843,258,230
2844,258,249
3555,259,77
3619,260,124
3616,260,29
3621,260,200
3620,260,156
3618,260,113
3615,260,19
3617,260,55
3714,261,36
3716,261,133
3715,261,108
13,262,230
536,263,41
535,263,36
533,263,3
532,263,1
531,263,0
537,263,175
534,263,30
538,263,194
887,264,1
886,264,0
888,264,7
1297,265,77
1298,265,89
1873,266,153
1969,267,210
1968,267,150
2605,268,196
3294,269,219
3302,270,61
3301,270,7
155,271,270
255,272,133
257,272,261
253,272,108
254,272,129
256,272,153
823,273,77
930,274,258
1339,275,26
1507,276,159
1506,276,101
1504,276,13
1505,276,34
1508,276,177
1586,277,1
1585,277,0
1784,278,240
2024,279,47
2285,280,1
2286,280,8
2284,280,0
2782,281,1
2781,281,0
2963,282,51
2962,282,7
2964,282,206
3333,283,101
3641,284,78
3642,284,132
3643,284,163
262,285,0
263,285,1
264,285,49
265,285,98
511,286,235
509,286,1
510,286,4
508,286,0
995,287,176
996,287,212
997,287,225
1315,288,225
1388,289,234
2149,290,207
2150,290,219
2596,291,276
2595,291,13
2893,292,170
3404,293,86
3578,294,1
3577,294,0
213,295,150
215,296,174
216,296,262
332,297,229
330,297,148
331,297,193
1933,298,271
1932,298,270
1950,299,61
2320,300,276
2318,300,13
2319,300,130
2878,301,0
2884,301,244
2880,301,2
2883,301,116
2879,301,1
2881,301,69
2882,301,112
3291,302,1
3290,302,0
3782,303,145
81,304,1
80,304,0
212,305,1
211,305,0
259,306,212
429,307,218
542,308,219
725,309,297
820,310,217
1100,311,81
1099,311,77
1101,311,227
1478,312,1
1477,312,0
1541,313,77
1542,313,86
1885,314,77
2540,315,61
2541,315,97
2775,316,96
2774,316,83
2773,316,61
2833,317,93
2831,317,77
2832,317,81
3206,318,89
3205,318,77
3207,318,265
3623,319,219
3624,319,269
3820,320,1
3819,320,0
291,321,61
413,322,1
412,322,0
652,323,77
1086,324,69
1088,324,301
1087,324,244
1082,324,0
1083,324,1
1084,324,2
1085,324,7
1244,325,77
1427,326,51
1426,326,7
1429,326,282
1428,326,206
1503,327,107
1912,328,77
1983,329,36
1985,329,107
1982,329,14
1980,329,1
1979,329,0
1981,329,9
1984,329,62
1986,329,263
1987,329,305
3317,330,0
3318,330,1
3319,330,32
76,331,118
75,331,77
78,331,167
77,331,128
530,332,284
529,332,163
528,332,132
527,332,78
973,333,178
1040,334,92
1120,335,176
1572,336,213
1686,337,132
1685,337,78
1689,337,336
1688,337,284
1687,337,163
1827,338,77
2160,339,276
2159,339,13
2168,340,7
2167,340,1
2166,340,0
2188,341,308
2203,342,0
2204,342,1
2216,343,270
2512,344,89
2685,345,1
2684,345,0
2751,346,174
2914,347,196
3065,348,296
48,349,108
100,350,7
98,350,0
99,350,1
201,351,108
1447,352,1
1446,352,0
1913,353,270
2044,354,113
2042,354,29
2046,354,156
2047,354,200
2045,354,124
2041,354,19
2043,354,55
2359,355,26
2509,356,112
2510,356,150
2834,357,290
2854,358,200
2853,358,156
2852,358,124
2851,358,113
2850,358,55
2848,358,19
2849,358,29
2947,359,140
2946,359,1
2945,359,0
3622,360,261
3845,361,101
308,362,267
454,363,1
453,363,0
484,364,225
483,364,212
485,364,306
512,365,295
1270,366,104
1271,366,110
1272,366,204
1268,366,74
1267,366,68
1266,366,65
1265,366,61
1269,366,83
1828,367,108
1865,368,278
1864,368,240
1978,369,319
1977,369,269
2175,370,368
2173,370,240
2174,370,278
2511,371,61
2608,372,0
2609,372,1
2654,373,372
2653,373,142
2652,373,1
2651,373,0
2905,374,19
2906,374,29
2907,374,36
2908,374,55
2910,374,124
2911,374,156
2912,374,200
2913,374,370
2909,374,113
3839,375,77
794,376,108
972,377,77
1180,378,77
1219,379,276
1218,379,158
1217,379,13
1929,380,337
2193,381,370
2681,382,276
2680,382,13
3148,383,118
3151,383,331
3147,383,77
3150,383,167
3149,383,128
3503,384,41
3505,384,194
3500,384,1
3499,384,0
3504,384,175
3502,384,30
3501,384,3
3565,385,351
3635,386,108
79,387,290
184,388,276
183,388,13
966,389,373
1214,390,150
1347,391,233
1450,392,77
1461,393,158
2615,394,0
2616,394,1
3042,395,276
3041,395,13
3360,396,0
3361,396,1
3362,396,3
3363,396,30
3365,396,175
3366,396,194
3367,396,384
3364,396,41
3582,397,253
3580,397,90
3579,397,81
3581,397,248
3695,398,101
3821,399,0
3822,399,1
3825,399,28
3827,399,37
3826,399,33
3831,399,263
3829,399,178
3823,399,7
3830,399,188
3828,399,105
3824,399,8
3832,399,304
14,400,19
18,400,124
19,400,156
20,400,200
15,400,29
16,400,55
17,400,113
190,401,373
524,402,158
523,402,13
525,402,276
1369,403,210
1368,403,150
1453,404,370
1717,405,77
2263,406,195
2289,407,265
2287,407,77
2290,407,405
2288,407,89
2648,408,61
2972,409,151
2971,409,109
2973,409,215
2974,409,232
2970,409,77
3456,410,219
3457,410,238
3458,410,376
9,411,370
8,411,77
121,412,261
118,412,36
120,412,133
119,412,108
361,413,337
418,414,108
706,415,235
705,415,188
704,415,49
703,415,1
702,415,0
707,415,286
708,415,363
1246,416,77
1495,417,108
1633,418,383
1632,418,370
1631,418,181
1661,419,373
2100,420,270
2357,421,276
2356,421,13
2526,422,229
2525,422,193
2524,422,148
2527,422,370
2868,423,415
2867,423,0
3236,424,1
3237,424,7
3235,424,0
3272,425,150
3273,425,219
3683,426,77
3684,426,270
3731,427,373
3749,428,0
3750,428,1
27,429,22
28,429,63
26,429,7
24,429,0
25,429,1
194,430,165
193,430,135
192,430,84
191,430,42
416,431,404
428,432,176
733,433,405
732,433,77
889,434,357
941,435,276
940,435,13
1300,436,391
1299,436,233
1636,437,266
1910,438,1
1909,438,0
1911,438,149
3033,439,261
3173,440,0
3174,440,1
3175,440,140
3690,441,124
3689,441,113
3688,441,55
3687,441,29
3686,441,19
3692,441,200
3691,441,156
3799,442,63
3798,442,22
3800,442,64
3793,442,1
3792,442,0
3794,442,6
3801,442,340
3795,442,7
3797,442,15
3796,442,13
3802,442,350
3803,442,429
136,443,11
135,443,1
137,443,76
134,443,0
139,443,256
138,443,138
620,444,370
690,445,373
773,446,113
774,446,124
772,446,55
775,446,156
776,446,200
771,446,29
770,446,19
932,447,36
933,447,327
939,448,200
935,448,29
936,448,113
937,448,124
938,448,156
934,448,19
1012,449,51
1015,449,326
1014,449,282
1013,449,206
1011,449,7
1498,450,13
1499,450,276
1846,451,7
2099,452,437
2211,453,0
2215,453,373
2212,453,25
2213,453,180
2214,453,236
2268,454,195
2269,454,406
2572,455,262
2604,456,367
2603,456,349
2601,456,122
2602,456,184
2731,457,37
2730,457,1
2729,457,0
2767,458,448
3233,459,150
3234,459,403
3389,460,13
3390,460,276
3626,461,1
3625,461,0
3627,461,443
55,462,108
56,462,386
73,463,61
74,463,77
97,464,370
169,465,203
168,465,131
167,465,61
334,466,370
333,466,77
1810,467,439
2019,468,308
2032,469,156
2030,469,113
2029,469,55
2028,469,29
2031,469,124
2027,469,19
2033,469,200
2034,469,448
2206,470,77
2207,470,405
2272,471,42
2273,471,84
2274,471,135
2275,471,165
2276,471,430
2467,472,393
2656,473,448
2655,473,425
3082,474,276
3081,474,13
3083,474,395
3253,475,326
3254,475,449
3250,475,51
3251,475,206
3252,475,282
3249,475,7
3648,476,261
3813,477,238
3812,477,219
430,478,409
1016,479,261
1017,479,476
1143,480,264
1328,481,61
1409,482,13
1410,482,276
1411,482,395
1436,483,210
1437,483,267
1438,483,362
1435,483,150
1439,483,403
1458,484,143
1459,484,415
1460,484,447
1642,485,0
1643,485,1
1838,486,448
2162,487,276
2161,487,13
2387,488,92
2388,488,475
2593,489,426
2592,489,270
2887,490,13
2888,490,276
2889,490,339
3144,491,393
3145,491,472
154,492,184
251,493,448
250,493,200
249,493,156
248,493,124
247,493,113
245,493,29
244,493,19
252,493,469
246,493,55
279,494,391
278,494,233
280,494,436
362,495,176
365,495,287
364,495,225
367,495,335
366,495,306
363,495,212
400,496,85
482,497,351
481,497,261
480,497,153
479,497,133
478,497,108
629,498,153
630,498,266
1098,499,90
1097,499,81
1108,500,403
1227,501,61
1286,502,123
1648,503,484
2139,504,261
2218,505,415
2217,505,219
2575,506,276
2574,506,13
2657,507,337
2678,508,363
2677,508,1
2676,508,0
2721,509,202
2720,509,195
2722,509,255
3574,510,89
3572,510,7
3573,510,77
3575,510,265
3576,510,405
792,511,217
788,511,13
790,511,150
789,511,34
793,511,276
791,511,177
845,512,122
1277,513,262
1278,513,496
1497,514,448
1602,515,308
1819,516,265
1820,516,344
1821,516,405
1818,516,89
1817,516,77
1822,516,510
2063,517,29
2064,517,55
2065,517,113
2066,517,124
2071,517,469
2070,517,448
2069,517,358
2062,517,19
2067,517,156
2068,517,200
2135,518,236
2131,518,0
2132,518,25
2133,518,180
2134,518,217
2136,518,373
2244,519,415
2243,519,0
2358,520,77
2999,521,405
3000,521,510
2996,521,77
2998,521,265
3001,521,516
2997,521,89
3518,522,108
3517,522,36
3521,522,412
3520,522,261
3522,522,456
3523,522,497
3519,522,133
3644,523,61
3657,524,270
3658,524,426
3717,525,77
329,526,370
328,526,86
604,527,496
659,528,403
660,528,519
872,529,414
1198,530,337
1283,531,373
1491,532,529
1490,532,334
1697,533,240
1698,533,278
1699,533,368
1700,533,370
1715,534,370
1742,535,1
1741,535,0
2121,536,431
2183,537,295
2184,537,365
2528,538,77
2529,538,370
2594,539,150
2770,540,443
2769,540,1
2768,540,0
2771,541,342
3136,542,448
3152,543,61
3176,544,270
3248,545,483
109,546,466
141,547,77
140,547,61
723,548,229
721,548,148
722,548,193
743,549,426
742,549,420
741,549,270
750,550,78
751,550,373
749,550,54
1179,551,522
1178,551,108
1959,552,389
1960,552,445
2170,553,276
2169,553,13
3074,554,77
258,555,150
303,556,128
304,556,167
305,556,331
302,556,118
301,556,77
323,557,262
324,557,496
373,558,368
371,558,240
375,558,533
374,558,370
372,558,278
880,559,410
879,559,219
1291,560,7
1292,560,22
1290,560,1
1293,560,63
1294,560,429
1295,560,442
1289,560,0
1514,561,77
1513,561,61
1664,562,187
1663,562,170
1917,563,532
1916,563,529
1989,564,31
2363,565,496
2362,565,262
2803,566,496
3039,567,496
3307,568,560
3420,569,83
3419,569,61
3421,569,97
3422,569,315
3663,570,276
3662,570,13
3855,571,140
3854,571,1
3853,571,0
64,572,429
62,572,1
63,572,7
61,572,0
307,573,276
306,573,13
395,574,195
396,574,406
397,574,454
398,574,559
457,575,370
461,576,331
460,576,167
459,576,128
458,576,77
548,577,497
574,578,0
575,578,1
576,578,140
783,579,216
782,579,149
784,579,251
785,579,438
786,579,535
787,579,564
781,579,1
780,579,0
801,580,473
799,580,430
795,580,42
796,580,84
800,580,471
798,580,165
797,580,135
988,581,276
987,581,13
1331,582,1
1330,582,0
1701,583,13
1702,583,276
1862,584,534
1958,585,7
2262,586,337
2725,587,36
2727,587,448
2728,587,471
2726,587,425
2892,588,77
3153,589,77
3214,590,528
3213,590,519
3212,590,403
3274,591,61
3349,592,13
3353,592,379
3352,592,276
3351,592,231
3350,592,169
3369,593,590
3368,593,199
3672,594,590
3702,595,0
3706,595,236
3704,595,26
3703,595,25
3707,595,373
3705,595,180
3708,595,415
3763,596,1
3764,596,158
3767,596,448
3765,596,163
3762,596,0
3766,596,320
376,597,150
636,598,276
635,598,13
846,599,77
1102,600,373
1103,600,550
1138,601,0
1139,601,415
1296,602,61
1573,603,572
1679,604,250
1680,604,278
1682,604,370
1681,604,368
1684,604,558
1678,604,240
1683,604,533
1735,605,278
1734,605,240
1739,605,558
1740,605,604
1737,605,370
1738,605,533
1736,605,368
1832,606,61
2120,607,522
2221,608,603
2258,609,81
2260,609,317
2259,609,93
2257,609,77
2407,610,590
2764,611,101
2827,612,229
2826,612,193
2825,612,148
2828,612,548
2991,613,426
2992,613,549
2990,613,270
3543,614,568
3542,614,496
3540,614,448
3538,614,7
3541,614,488
3539,614,61
3628,615,603
3754,616,324
3751,616,0
3753,616,7
3752,616,1
101,617,269
102,617,319
519,618,397
518,618,253
516,618,90
515,618,81
520,618,499
517,618,248
583,619,590
712,620,597
840,621,219
965,622,77
1134,623,614
1132,623,496
1133,623,527
1210,624,590
1209,624,539
1248,625,193
1249,625,229
1250,625,548
1251,625,612
1247,625,148
1660,626,448
1733,627,469
1724,627,19
1726,627,55
1728,627,124
1729,627,156
1732,627,448
1730,627,158
1731,627,200
1727,627,113
1725,627,29
1766,628,108
1770,628,261
1767,628,129
1771,628,272
1772,628,522
1768,628,133
1769,628,153
1845,629,134
1868,630,579
1867,630,1
1866,630,0
2102,631,603
2171,632,101
2232,633,337
2590,634,496
2591,634,614
2869,635,0
2870,635,1
2871,635,579
3058,636,1
3057,636,0
3118,637,467
3117,637,439
3279,638,554
3282,639,466
3283,639,628
3395,640,281
3680,641,426
3678,641,270
3681,641,549
3679,641,370
327,642,550
326,642,373
356,643,81
359,643,167
360,643,331
355,643,77
358,643,128
357,643,118
666,644,145
668,644,628
667,644,459
890,645,13
891,645,276
1024,646,108
1026,646,628
1025,646,522
1057,647,0
1059,647,7
1060,647,36
1061,647,373
1062,647,415
1063,647,448
1064,647,633
1058,647,1
1121,648,150
1122,648,555
1263,649,522
1570,650,448
1571,650,587
1569,650,425
1568,650,363
1567,650,219
1879,651,83
1880,651,110
1881,651,602
1878,651,61
2001,652,476
2002,652,628
2023,653,628
2255,654,431
2256,654,536
2340,655,18
2398,656,55
2399,656,113
2396,656,19
2405,656,469
2406,656,627
2401,656,152
2403,656,200
2397,656,29
2404,656,448
2402,656,156
2400,656,124
2538,657,415
2534,657,263
2533,657,44
2539,657,443
2532,657,40
2531,657,1
2536,657,304
2537,657,324
2530,657,0
2535,657,294
2875,658,295
2876,658,365
2877,658,537
3202,659,480
3203,659,628
3201,659,264
3303,660,590
3304,661,13
3305,661,276
3306,661,460
3610,662,108
3613,662,628
3612,662,551
3611,662,522
3814,663,403
195,664,663
214,665,615
287,666,536
335,667,0
336,667,1
414,668,442
497,669,590
496,669,539
498,669,624
513,670,0
514,670,1
584,671,663
655,672,161
654,672,81
653,672,77
759,673,590
764,674,1
765,674,443
763,674,0
922,675,519
921,675,337
1136,676,467
1135,676,439
1137,676,637
1341,677,577
1340,677,497
1385,678,81
1384,678,77
1386,678,227
1520,679,499
1518,679,81
1519,679,90
1543,680,42
1544,680,84
1545,680,135
1546,680,165
1547,680,261
1548,680,329
1549,680,471
1550,680,473
1576,681,664
1690,682,42
1691,682,84
1692,682,135
1693,682,165
1694,682,471
1696,682,680
1695,682,473
2185,683,603
2186,683,631
2208,684,308
2277,685,513
2625,686,603
2626,686,631
2760,687,338
3064,688,499
3063,688,147
3062,688,90
3061,688,81
3241,689,55
3247,689,627
3245,689,200
3244,689,156
3242,689,113
3246,689,448
3240,689,29
3239,689,19
3243,689,124
3299,690,497
3300,690,522
3311,691,259
3310,691,237
3336,692,324
3334,692,0
3335,692,1
3340,693,158
3339,693,7
3370,694,484
3654,695,205
58,696,1
60,696,429
59,696,7
57,696,0
174,697,662
170,697,108
172,697,551
171,697,522
173,697,628
266,698,466
379,699,676
378,699,595
754,700,142
755,700,234
753,700,1
752,700,0
756,700,264
827,701,389
828,701,550
826,701,373
825,701,7
982,702,217
1287,703,628
1408,704,687
1667,705,123
2072,706,448
2077,707,515
2076,707,308
2454,708,140
2464,709,0
2465,709,1
2466,709,579
2583,710,641
2579,710,426
2581,710,524
2580,710,489
2578,710,353
2582,710,549
2577,710,270
2584,711,559
2842,712,158
2968,713,664
2969,714,664
3060,715,628
3059,715,466
3208,716,687
3465,717,590
3466,717,610
3560,718,687
3639,719,652
3638,719,628
3636,719,142
3640,719,653
3637,719,351
3740,720,373
3739,720,320
3736,720,158
3742,720,448
3738,720,236
3741,720,399
3732,720,0
3733,720,7
3737,720,180
3734,720,25
3735,720,42
196,721,597
286,722,661
285,722,460
284,722,276
283,722,13
370,723,662
709,724,687
885,725,77
943,726,337
961,727,522
963,727,628
962,727,551
960,727,108
986,728,722
985,728,661
984,728,276
983,728,13
1068,729,276
1067,729,13
1302,730,714
1301,730,664
1479,731,0
1480,731,1
1942,732,0
1943,732,1
1944,732,10
1945,732,277
1946,732,363
1947,732,508
2015,733,552
2017,734,638
2016,734,554
2080,735,140
2078,735,0
2079,735,1
2163,736,290
2624,737,276
2623,737,13
2716,738,643
2715,738,576
2714,738,331
2713,738,167
2712,738,128
2711,738,77
2845,739,308
2903,740,279
3003,741,468
3084,742,77
3086,742,161
3085,742,81
3337,743,370
3338,743,464
3354,744,145
3355,744,187
3356,744,292
3357,744,459
3358,744,703
3467,745,733
3534,746,370
3533,746,319
3532,746,269
3531,746,219
3670,747,661
3671,747,722
3668,747,13
3669,747,276
3772,748,628
3770,748,264
3771,748,480
111,749,497
112,749,577
113,749,677
162,750,77
618,751,690
619,752,639
731,753,77
1288,754,687
1329,755,690
1364,756,77
2140,757,218
2141,757,307
2270,758,442
2317,759,664
2459,760,430
2460,760,471
2461,760,473
2463,760,680
2457,760,135
2456,760,84
2455,760,42
2458,760,165
2462,760,580
2801,761,734
2799,761,554
2800,761,638
2873,762,752
2872,762,639
3015,763,687
3014,763,593
3038,764,609
3037,764,317
3034,764,77
3035,764,81
3036,764,93
3193,765,61
3289,766,1
3288,766,0
3477,767,13
3478,767,276
3709,768,13
3710,768,276
3804,769,195
3805,769,559
3840,770,676
3841,770,699
3842,770,762
38,771,484
161,772,723
240,773,746
239,773,319
238,773,269
237,773,219
617,774,290
838,775,367
839,776,687
947,777,108
950,777,628
949,777,522
948,777,456
964,778,597
976,779,651
975,779,83
974,779,61
1474,780,651
1473,780,591
1475,780,779
1470,780,315
1469,780,97
1468,780,83
1467,780,61
1471,780,316
1472,780,569
1492,781,456
1654,782,449
1653,782,326
1652,782,282
1651,782,206
1649,782,7
1655,782,488
1650,782,51
1676,783,143
1677,783,755
1718,784,387
1924,785,0
1925,785,1
1926,785,579
2026,786,671
2373,787,278
2379,787,605
2378,787,604
2377,787,558
2376,787,533
2375,787,370
2374,787,368
2372,787,240
2723,788,373
2724,788,550
2835,789,628
2932,790,687
3087,791,417
3088,791,690
3238,792,687
3348,793,366
3346,793,61
3347,793,77
3444,794,548
3442,794,193
3441,794,148
3445,794,612
3443,794,229
3446,794,625
3590,795,7
3589,795,1
3591,795,22
3588,795,0
3592,795,63
3593,795,429
3594,795,442
3595,795,560
3745,796,698
165,797,687
401,798,77
403,798,128
404,798,167
405,798,331
406,798,392
402,798,81
407,798,643
408,798,738
463,799,90
462,799,81
464,799,499
673,800,0
675,800,579
674,800,1
761,801,77
762,801,405
831,802,77
832,802,392
928,803,0
929,803,1
1018,804,295
1020,804,537
1021,804,658
1019,804,365
1112,805,640
1336,806,687
1337,806,797
1363,807,687
1445,808,797
1444,808,687
1669,809,448
1716,810,337
2035,811,675
2198,812,614
2197,812,496
2196,812,262
2233,813,448
2299,814,0
2300,814,1
2301,814,7
2302,814,429
2303,814,657
2370,815,797
2369,815,687
2371,815,808
2395,816,308
2829,817,61
2830,817,86
2950,818,0
2951,818,1
3133,819,628
3309,820,714
3308,820,664
3471,821,77
3474,822,603
3476,822,686
3475,822,631
3759,823,687
3761,823,808
3760,823,797
282,824,77
687,825,751
766,826,628
991,827,276
989,827,13
990,827,158
1104,828,676
1107,828,770
1105,828,699
1106,828,762
1176,829,414
1177,829,755
1224,830,461
1222,830,40
1225,830,540
1226,830,674
1221,830,1
1223,830,76
1220,830,0
1387,831,522
1536,832,762
1721,833,528
1722,833,590
1720,833,519
1723,833,594
1719,833,403
1760,834,460
1759,834,276
1758,834,13
1761,834,661
1762,834,722
1833,835,603
1834,835,631
1835,835,686
1992,836,337
2393,837,664
2394,837,714
2412,838,307
2411,838,218
2519,839,784
2518,839,387
2517,839,290
2776,840,182
2777,840,273
2778,840,314
2779,840,520
2780,840,588
3232,841,666
3231,841,654
3230,841,639
3229,841,536
3227,841,431
3228,841,522
3263,842,664
3439,843,797
3440,843,808
3438,843,687
3450,844,317
3447,844,77
3452,844,764
3448,844,81
3451,844,609
3449,844,93
3526,845,621
3634,846,77
3723,847,193
3724,847,229
3725,847,548
3726,847,612
3727,847,625
3728,847,794
3722,847,148
3721,847,86
188,848,130
187,848,13
189,848,276
384,849,0
385,849,1
386,849,443
543,850,676
544,850,699
545,850,762
546,850,770
547,850,828
578,851,432
577,851,176
625,852,7
665,853,176
692,854,276
691,854,13
779,855,755
833,856,664
931,857,26
1510,858,703
1604,859,456
1605,859,777
1775,860,597
1813,861,264
1815,861,628
1814,861,480
1816,861,748
1955,862,331
1953,862,128
1956,862,643
1954,862,167
1957,862,738
2000,863,77
2190,864,373
2191,864,550
2189,864,350
2305,865,860
2391,866,7
2392,866,836
2598,867,308
2686,868,687
2687,868,797
2688,868,808
2928,869,722
2925,869,13
2927,869,661
2926,869,276
2957,870,1
2958,870,234
2956,870,0
3224,871,431
3481,872,472
3480,872,393
3482,872,491
3562,873,81
3561,873,77
3564,873,742
3563,873,161
3630,874,797
3631,874,808
3629,874,687
3661,875,808
3660,875,797
3659,875,687
3677,876,808
3676,876,797
3675,876,687
3810,877,519
288,878,373
290,878,864
289,878,550
568,879,687
569,879,797
570,879,808
689,880,841
699,881,604
698,881,558
697,881,533
701,881,787
700,881,605
696,881,370
695,881,368
694,881,278
693,881,240
760,882,690
814,883,448
813,883,415
812,883,373
811,883,120
810,883,36
809,883,7
815,883,633
808,883,1
807,883,0
920,884,628
919,884,466
999,885,805
998,885,670
1046,886,621
1254,887,298
1255,887,343
1252,887,77
1253,887,270
1256,887,426
1258,887,613
1259,887,641
1257,887,549
1382,888,579
1376,888,1
1377,888,30
1378,888,36
1379,888,140
1380,888,173
1383,888,682
1375,888,0
1381,888,263
1824,889,77
2230,890,605
2223,890,240
2224,890,278
2225,890,368
2227,890,533
2228,890,558
2226,890,370
2231,890,787
2229,890,604
2423,891,743
2421,891,370
2422,891,464
2424,892,664
2705,893,676
2706,893,699
2707,893,762
2708,893,770
2709,893,828
2710,893,850
2758,894,1
2759,894,443
2757,894,0
2818,895,603
2819,895,615
2820,895,631
2821,895,686
2891,896,628
2924,897,819
2918,897,36
2919,897,108
2920,897,133
2921,897,261
2923,897,522
2922,897,497
3077,898,370
3078,898,519
3075,898,61
3079,898,546
3076,898,86
3080,898,628
3135,899,158
3215,900,0
3216,900,1
3217,900,102
3218,900,330
3219,900,415
3220,900,667
3556,901,219
3557,901,238
3558,901,477
3559,901,590
3747,902,687
3748,902,807
281,903,664
318,904,337
319,904,451
317,904,70
316,904,7
320,904,585
321,904,693
322,904,866
339,905,366
338,905,77
337,905,61
388,906,277
389,906,363
387,906,45
572,907,448
573,907,813
623,908,7
624,908,628
1079,909,746
1078,909,410
1077,909,319
1076,909,269
1075,909,219
1166,910,13
1167,910,276
1310,911,821
1309,911,77
1314,912,123
1351,913,170
1352,913,292
1353,913,303
1354,913,703
1355,913,744
1670,914,108
1672,914,266
1673,914,360
1671,914,153
1674,914,628
1675,914,719
1748,915,664
1763,916,370
1809,917,77
1971,918,77
1972,918,375
1973,918,377
1974,918,589
1975,918,725
1976,918,911
2238,919,652
2237,919,628
2717,920,264
3002,921,77
3023,922,519
3018,922,150
3019,922,171
3026,922,717
3025,922,619
3024,922,590
3020,922,210
3022,922,483
3021,922,403
3463,923,418
3535,924,687
3536,924,797
3537,924,808
3778,925,687
3781,925,808
3779,925,716
3780,925,797
3861,926,690
399,927,887
607,928,29
616,928,689
606,928,19
615,928,627
608,928,55
614,928,469
609,928,113
610,928,124
611,928,156
613,928,448
612,928,200
676,929,690
942,930,715
1096,931,752
1095,931,639
1161,932,63
1157,932,0
1158,932,1
1159,932,7
1160,932,22
1165,932,795
1164,932,560
1163,932,442
1162,932,429
1261,933,687
1260,933,370
1262,933,841
1537,934,0
1539,934,7
1540,934,429
1538,934,1
1841,935,90
1842,935,114
1840,935,81
1843,935,499
1844,935,918
1863,936,871
1995,937,797
1994,937,687
1993,937,593
1996,937,808
2178,938,0
2179,938,1
2180,938,7
2181,938,429
2497,939,510
2495,939,265
2494,939,89
2493,939,77
2498,939,516
2499,939,521
2496,939,405
2508,940,877
2514,941,1
2513,941,0
2516,942,538
2606,943,664
2904,944,702
2929,945,77
2931,945,798
2930,945,392
3049,946,743
3047,946,370
3048,946,464
3050,946,891
3392,947,797
3391,947,687
3393,947,808
3746,948,664
3773,949,145
3775,949,744
3774,949,703
210,950,859
209,950,456
231,951,597
601,952,603
603,952,686
602,952,631
834,953,687
892,954,349
910,955,603
912,955,686
911,955,631
1034,956,918
1033,956,844
1032,956,764
1031,956,609
1030,956,317
1029,956,93
1028,956,81
1027,956,77
1181,957,77
1182,957,118
1183,957,128
1184,957,167
1185,957,331
1186,957,556
1187,957,643
1189,957,862
1188,957,738
1362,958,930
1465,959,203
1463,959,86
1464,959,131
1462,959,61
1509,960,958
1637,961,239
1638,961,466
1639,961,628
1831,962,808
1830,962,797
1829,962,687
2353,963,348
2355,963,614
2354,963,496
2352,963,296
2351,963,262
2364,964,308
2365,964,515
2438,965,664
2469,966,752
2468,966,639
2585,967,628
2627,968,19
2643,968,689
2629,968,46
2642,968,656
2630,968,55
2644,968,928
2633,968,156
2641,968,627
2640,968,493
2632,968,124
2639,968,469
2628,968,29
2634,968,200
2631,968,113
2637,968,446
2636,968,260
2635,968,201
2638,968,448
2663,969,533
2666,969,605
2665,969,604
2659,969,240
2662,969,370
2664,969,558
2660,969,278
2661,969,368
2667,969,787
2733,970,1
2732,970,0
2890,971,619
3257,972,496
3259,972,634
3258,972,614
3378,973,864
3377,973,550
3376,973,373
3510,974,410
3511,974,559
3509,974,297
3508,974,77
3647,975,308
3666,976,853
3809,977,740
151,978,412
152,978,628
153,978,897
268,979,628
269,979,961
267,979,466
377,980,789
526,981,824
579,982,860
661,983,603
662,983,631
663,983,686
671,984,808
670,984,797
669,984,687
778,985,882
924,986,42
925,986,135
923,986,7
926,986,165
927,986,628
980,987,664
981,988,860
1173,989,860
1915,990,981
1941,991,887
1940,991,710
1937,991,426
1936,991,270
1939,991,641
1938,991,549
2018,992,77
2025,993,981
2199,994,0
2200,994,1
2201,994,830
2368,995,664
2439,996,628
2501,997,415
2500,997,0
2823,998,550
2822,998,373
2824,998,864
2846,999,687
2847,1000,564
2952,1001,497
2953,1001,577
2955,1001,749
2954,1001,677
2975,1002,13
2979,1002,910
2978,1002,450
2977,1002,402
2976,1002,276
3068,1003,276
3067,1003,136
3066,1003,13
3168,1004,342
3169,1004,657
3211,1005,143
3325,1006,643
3326,1006,738
3320,1006,77
3327,1006,862
3321,1006,118
3322,1006,128
3324,1006,331
3323,1006,167
3379,1007,496
3380,1007,614
3381,1007,972
3462,1008,535
3461,1008,16
3459,1008,0
3460,1008,1
3599,1009,403
3604,1009,717
3605,1009,833
3598,1009,210
3597,1009,150
3603,1009,673
3602,1009,619
3601,1009,590
3600,1009,483
3609,1010,761
3608,1010,734
3607,1010,638
3606,1010,554
12,1011,961
10,1011,466
11,1011,628
37,1012,722
34,1012,13
36,1012,661
35,1012,276
349,1013,808
348,1013,797
347,1013,687
455,1014,841
648,1015,0
649,1015,1
724,1016,36
739,1017,864
738,1017,550
737,1017,373
740,1017,878
736,1017,263
847,1018,308
848,1018,515
849,1018,867
857,1019,101
1047,1020,687
1048,1020,797
1049,1020,808
1285,1021,981
1346,1022,995
1374,1023,808
1373,1023,797
1372,1023,687
1466,1024,552
1476,1025,597
1777,1026,84
1778,1026,135
1780,1026,471
1781,1026,473
1782,1026,680
1776,1026,42
1779,1026,165
1783,1026,986
1798,1027,695
1797,1027,205
1908,1028,564
2003,1029,995
2074,1030,826
2073,1030,452
2075,1030,896
2119,1031,995
2222,1032,101
2344,1033,897
2345,1033,926
2346,1033,985
2342,1033,751
2343,1033,855
2658,1034,590
2699,1035,394
2698,1035,285
2697,1035,144
2696,1035,98
2691,1035,1
2693,1035,49
2692,1035,20
2700,1035,428
2690,1035,0
2695,1035,66
2701,1035,457
2694,1035,52
2704,1035,1015
2703,1035,1008
2702,1035,766
2787,1036,946
2785,1036,743
2784,1036,464
2786,1036,891
2783,1036,370
2837,1037,7
2841,1038,952
2838,1038,603
2839,1038,631
2840,1038,686
2949,1039,860
2983,1040,961
2982,1040,687
2981,1040,628
2980,1040,466
3031,1041,995
3032,1042,308
3264,1043,860
3429,1044,284
3430,1044,336
3426,1044,78
3432,1044,657
3428,1044,163
3427,1044,132
3433,1044,994
3431,1044,337
3785,1045,403
3783,1045,150
3784,1045,210
3786,1045,483
3787,1045,590
3788,1045,619
3789,1045,717
3790,1045,833
3791,1045,1009
3843,1046,887
3844,1046,981
3856,1047,597
3857,1048,877
90,1049,412
91,1049,497
92,1049,897
114,1050,981
143,1051,202
142,1051,195
144,1051,255
146,1051,559
145,1051,509
352,1052,258
353,1052,274
354,1052,670
844,1053,960
900,1054,89
899,1054,77
902,1054,405
903,1054,510
904,1054,516
905,1054,939
901,1054,265
908,1055,888
907,1055,1
906,1055,0
1037,1056,906
1041,1057,158
1212,1058,36
1213,1058,590
1517,1059,77
1516,1059,61
1610,1060,510
1609,1060,405
1608,1060,265
1607,1060,89
1612,1060,939
1606,1060,77
1611,1060,516
1619,1061,522
1622,1061,662
1623,1061,727
1624,1061,978
1625,1061,980
1621,1061,628
1618,1061,437
1617,1061,376
1620,1061,551
1615,1061,153
1614,1061,108
1613,1061,8
1616,1061,261
1635,1062,750
1634,1062,77
1641,1063,786
1640,1063,671
1773,1064,704
1795,1065,158
1794,1065,13
1796,1065,276
1850,1066,77
1851,1066,89
1853,1066,405
1852,1066,265
1854,1066,510
1855,1066,516
1856,1066,939
2007,1067,180
2010,1067,415
2011,1067,720
2005,1067,0
2008,1067,236
2006,1067,25
2009,1067,373
2126,1068,1
2125,1068,0
2130,1068,301
2129,1068,244
2128,1068,69
2127,1068,2
2192,1069,337
2264,1070,77
2265,1070,81
2266,1070,227
2267,1070,918
2281,1071,943
2280,1071,664
2389,1072,664
2390,1072,943
2766,1073,772
2765,1073,723
2816,1074,972
2814,1074,614
2813,1074,565
2812,1074,557
2811,1074,513
2810,1074,496
2817,1074,1007
2815,1074,812
2809,1074,296
2808,1074,262
2807,1074,230
2917,1075,686
2916,1075,631
2915,1075,603
3090,1076,29
3094,1076,156
3093,1076,124
3092,1076,113
3091,1076,55
3089,1076,19
3095,1076,200
3098,1076,627
3099,1076,689
3097,1076,469
3096,1076,448
3423,1077,603
3424,1077,631
3425,1077,686
3464,1078,871
3570,1079,0
3571,1079,1
3585,1080,687
3587,1080,808
3586,1080,797
3768,1081,410
417,1082,415
595,1083,1007
594,1083,972
593,1083,614
592,1083,565
590,1083,262
591,1083,496
638,1084,0
639,1084,1
640,1084,709
803,1085,480
802,1085,264
806,1085,861
805,1085,659
804,1085,628
1004,1086,456
1005,1086,496
1006,1086,568
1008,1086,628
1009,1086,972
1010,1086,1007
1003,1086,262
1007,1086,614
1038,1087,628
1039,1087,826
1115,1088,1031
1114,1088,995
1191,1089,276
1190,1089,13
1235,1090,121
1279,1091,1037
1325,1092,672
1603,1093,77
1914,1094,1081
1949,1095,995
2118,1096,981
2124,1097,597
2271,1098,662
2297,1099,690
2298,1099,926
2331,1100,345
2335,1100,1079
2333,1100,636
2334,1100,700
2332,1100,363
2321,1100,0
2330,1100,312
2327,1100,247
2325,1100,82
2324,1100,54
2322,1100,1
2328,1100,277
2329,1100,281
2323,1100,45
2326,1100,209
2417,1101,1079
2413,1101,415
2416,1101,637
2414,1101,439
2415,1101,467
2425,1102,664
2427,1102,1097
2426,1102,714
2489,1103,985
2488,1103,967
2487,1103,929
2486,1103,926
2485,1103,882
2484,1103,855
2483,1103,791
2482,1103,783
2479,1103,662
2478,1103,562
2477,1103,497
2476,1103,456
2491,1103,1099
2475,1103,437
2474,1103,414
2473,1103,360
2472,1103,351
2471,1103,261
2470,1103,143
2481,1103,755
2480,1103,751
2490,1103,1049
2597,1104,590
2739,1105,307
2740,1105,757
2738,1105,218
2741,1105,838
2805,1106,337
3415,1107,1028
3418,1108,864
3417,1108,550
3416,1108,373
3455,1109,1031
3454,1109,664
3512,1110,887
3547,1111,1040
3544,1111,466
3546,1111,961
3545,1111,628
3583,1112,762
3584,1112,832
3596,1113,841
108,1114,1093
126,1115,472
127,1115,491
128,1115,872
125,1115,393
186,1116,1097
185,1116,597
505,1117,559
632,1118,714
631,1118,664
633,1118,1097
710,1119,266
968,1120,926
967,1120,897
1042,1121,1093
1151,1122,717
1152,1122,833
1150,1122,619
1149,1122,590
1148,1122,539
1147,1122,483
1153,1122,1009
1154,1122,1104
1146,1122,403
1144,1122,150
1145,1122,210
1281,1123,550
1280,1123,373
1282,1123,864
1284,1124,690
1365,1125,0
1366,1125,1
1367,1125,7
1665,1126,1037
1666,1126,1091
1711,1127,864
1710,1127,550
1709,1127,373
2105,1128,7
2104,1128,1
2103,1128,0
2153,1129,1097
2152,1129,714
2151,1129,664
2202,1130,981
2209,1131,219
2234,1132,877
2235,1132,940
2278,1133,484
2350,1134,101
2502,1135,902
2561,1136,370
2560,1136,337
2553,1136,158
2551,1136,54
2550,1136,37
2549,1136,33
2554,1136,178
2548,1136,8
2563,1136,415
2547,1136,7
2555,1136,188
2556,1136,213
2557,1136,263
2562,1136,373
2558,1136,280
2564,1136,483
2565,1136,485
2566,1136,633
2567,1136,692
2568,1136,740
2569,1136,870
2545,1136,0
2570,1136,900
2546,1136,1
2571,1136,1100
2559,1136,304
2552,1136,105
2679,1137,981
2959,1138,497
2960,1138,1049
3105,1139,156
3104,1139,124
3107,1139,448
3106,1139,200
3112,1139,968
3111,1139,689
3110,1139,656
3100,1139,19
3101,1139,29
3102,1139,55
3103,1139,113
3109,1139,627
3108,1139,469
3396,1140,853
3483,1141,496
3487,1141,972
3486,1141,900
3488,1141,1007
3484,1141,614
3485,1141,888
3506,1142,61
3552,1143,209
3549,1143,0
3551,1143,119
3550,1143,1
3713,1144,1131
3808,1145,577
3807,1145,504
133,1146,981
197,1147,1131
275,1148,418
272,1148,240
273,1148,370
274,1148,404
439,1149,956
438,1149,918
437,1149,844
436,1149,764
431,1149,77
432,1149,81
433,1149,93
434,1149,317
435,1149,609
440,1150,664
443,1150,1102
441,1150,714
442,1150,1097
499,1151,219
500,1151,269
501,1151,319
502,1151,519
503,1151,746
504,1151,909
567,1152,1131
656,1153,502
658,1153,912
657,1153,705
730,1154,1131
959,1155,897
958,1155,522
957,1155,456
979,1156,808
978,1156,797
977,1156,687
1000,1157,1153
1001,1158,995
1070,1159,0
1074,1159,628
1073,1159,234
1072,1159,7
1071,1159,1
1130,1160,1036
1128,1160,891
1129,1160,946
1127,1160,743
1126,1160,464
1125,1160,370
1203,1161,533
1207,1161,787
1201,1161,368
1208,1161,969
1202,1161,370
1205,1161,604
1206,1161,605
1204,1161,558
1199,1161,240
1200,1161,278
1318,1162,1031
1317,1162,664
1425,1163,1131
1452,1164,1131
1454,1165,1081
1455,1165,1094
1496,1166,337
1626,1167,150
1627,1167,1122
1713,1168,1091
1712,1168,1037
1714,1168,1126
1808,1169,1074
1806,1169,384
1805,1169,194
1804,1169,175
1803,1169,41
1802,1169,30
1801,1169,3
1800,1169,1
1799,1169,0
1807,1169,396
1859,1170,1043
1858,1170,860
1962,1171,61
1963,1171,77
1964,1171,185
1965,1171,463
1967,1171,561
1966,1171,547
2058,1172,363
2059,1172,508
2057,1172,277
2056,1172,1
2055,1172,0
2060,1172,1100
2096,1173,1170
2122,1174,13
2123,1174,276
2337,1175,724
2339,1175,808
2336,1175,687
2338,1175,797
2386,1176,1160
2380,1176,370
2382,1176,743
2385,1176,1036
2384,1176,946
2383,1176,891
2381,1176,464
2504,1177,0
2505,1177,1
2507,1177,141
2506,1177,17
2523,1178,898
2522,1178,370
2617,1179,1131
2618,1180,0
2619,1180,1
2673,1181,1164
2672,1181,1131
2749,1182,1160
2748,1182,1036
2747,1182,946
2746,1182,891
2745,1182,743
2744,1182,464
2743,1182,370
2750,1182,1176
2762,1183,797
2763,1183,808
2761,1183,687
2836,1184,981
2895,1185,262
2902,1185,1083
2901,1185,1007
2900,1185,972
2899,1185,614
2898,1185,557
2897,1185,496
2896,1185,296
2894,1185,230
2937,1186,947
2936,1186,808
2935,1186,806
2934,1186,797
2933,1186,687
2938,1186,1013
3006,1187,1
3007,1187,7
3008,1187,36
3009,1187,373
3005,1187,0
3010,1187,415
3011,1187,448
3013,1187,1159
3012,1187,633
3051,1188,375
3052,1188,377
3053,1188,589
3054,1188,725
3055,1188,911
3056,1188,1062
3071,1189,1170
3069,1189,860
3070,1189,1043
3185,1190,194
3180,1190,1
3181,1190,3
3182,1190,30
3183,1190,41
3184,1190,175
3186,1190,384
3187,1190,396
3188,1190,1074
3189,1190,1169
3179,1190,0
3275,1191,1072
3345,1192,96
3344,1192,83
3343,1192,61
3553,1193,995
3614,1194,1170
3674,1195,1
3673,1195,0
3711,1196,597
3712,1196,989
3755,1197,1131
3816,1198,515
3817,1198,741
3818,1198,975
3815,1198,308
41,1199,537
42,1199,804
40,1199,365
39,1199,295
69,1200,590
72,1201,1099
71,1201,755
107,1202,1007
106,1202,972
105,1202,614
104,1202,496
103,1202,7
207,1203,687
208,1203,1009
206,1203,639
205,1203,595
203,1203,466
202,1203,150
204,1203,590
341,1204,128
342,1204,167
343,1204,331
344,1204,643
345,1204,738
340,1204,77
346,1204,862
421,1205,762
420,1205,752
419,1205,639
521,1206,77
522,1206,360
566,1207,808
564,1207,687
565,1207,797
571,1208,564
637,1209,853
682,1210,1037
683,1210,1091
685,1210,1168
684,1210,1126
863,1211,452
866,1211,1030
865,1211,896
864,1211,826
867,1211,1087
881,1212,603
883,1212,686
882,1212,631
909,1213,1206
1066,1214,276
1065,1214,13
1110,1215,786
1109,1215,671
1111,1215,1063
1131,1216,740
1232,1217,797
1231,1217,687
1233,1217,808
1312,1218,703
1311,1218,483
1313,1218,744
1335,1219,918
1332,1219,81
1333,1219,90
1334,1219,499
1421,1220,643
1422,1220,738
1420,1220,331
1419,1220,167
1418,1220,128
1423,1220,862
1424,1220,1204
1416,1220,77
1417,1220,118
1489,1221,121
1521,1222,740
1575,1223,1206
1596,1224,808
1595,1224,797
1594,1224,687
1601,1225,448
1659,1226,1102
1658,1226,1097
1657,1226,714
1656,1226,664
1705,1227,1205
1704,1227,752
1703,1227,639
1747,1228,1040
1745,1228,628
1744,1228,590
1743,1228,466
1746,1228,961
1905,1229,986
1906,1229,1026
1896,1229,84
1897,1229,135
1898,1229,165
1899,1229,430
1900,1229,471
1901,1229,473
1902,1229,580
1903,1229,680
1895,1229,42
1904,1229,760
1923,1230,308
2013,1231,666
2014,1231,871
2172,1232,1170
2205,1233,853
2236,1234,1131
2647,1235,808
2645,1235,687
2646,1235,797
2874,1236,1131
3045,1237,1170
3046,1237,1194
3120,1238,1
3121,1238,42
3122,1238,263
3123,1238,373
3128,1238,1136
3124,1238,399
3125,1238,888
3127,1238,1100
3129,1238,1187
3119,1238,0
3126,1238,1035
3137,1239,0
3142,1239,1238
3139,1239,140
3138,1239,1
3141,1239,888
3140,1239,735
3156,1240,38
3159,1240,497
3164,1240,1211
3163,1240,1103
3155,1240,36
3160,1240,897
3162,1240,1049
3161,1240,980
3158,1240,437
3157,1240,143
3223,1241,1131
3285,1242,797
3284,1242,687
3286,1242,808
3548,1243,61
3653,1244,1131
3834,1245,295
3836,1245,537
3837,1245,804
3838,1245,1199
3835,1245,365
115,1246,1206
179,1247,1010
178,1247,761
175,1247,554
176,1247,638
177,1247,734
311,1248,897
309,1248,108
310,1248,628
415,1249,1206
446,1250,1226
445,1250,989
444,1250,597
582,1251,933
581,1251,519
580,1251,192
628,1252,615
718,1253,1170
897,1254,978
896,1254,628
895,1254,522
894,1254,456
893,1254,108
898,1254,1103
1036,1255,1131
1140,1256,855
1215,1257,939
1326,1258,448
1327,1258,813
1348,1259,1057
1600,1260,808
1599,1260,797
1598,1260,687
1647,1261,864
1645,1261,373
1646,1261,550
1644,1261,263
1886,1262,36
1892,1262,1049
1890,1262,497
1893,1262,1103
1889,1262,261
1888,1262,133
1891,1262,522
1894,1262,1240
1887,1262,108
1907,1263,1131
1918,1264,308
1919,1264,515
1990,1265,621
2111,1266,963
2113,1266,1007
2110,1266,614
2109,1266,496
2108,1266,296
2114,1266,1202
2112,1266,972
2106,1266,230
2107,1266,262
2304,1267,1250
2434,1268,1170
2432,1268,860
2433,1268,1043
2437,1269,1193
2753,1270,1
2754,1270,217
2755,1270,363
2752,1270,0
2756,1270,1238
2793,1271,625
2792,1271,612
2788,1271,148
2795,1271,847
2789,1271,193
2791,1271,548
2794,1271,794
2796,1271,1031
2790,1271,229
2804,1272,308
3004,1273,1131
3028,1274,1251
3027,1274,687
3146,1275,960
3372,1276,1265
3371,1276,621
3388,1277,1073
3387,1277,723
3436,1278,670
3437,1278,1052
3434,1278,258
3435,1278,274
3527,1279,664
3528,1279,714
3530,1279,1150
3529,1279,1097
3696,1280,621
3697,1280,1265
3699,1281,1170
3700,1281,1194
3701,1281,1237
3743,1282,1092
3744,1282,1093
3769,1283,1131
233,1284,797
236,1284,1242
235,1284,937
234,1284,808
232,1284,687
242,1285,1131
243,1285,1236
471,1286,117
472,1286,227
473,1286,918
470,1286,95
469,1286,77
553,1287,1238
549,1287,0
550,1287,1
552,1287,580
551,1287,329
677,1288,687
678,1288,792
680,1288,808
679,1288,797
686,1289,1251
858,1290,89
859,1290,344
860,1290,516
861,1290,691
869,1291,796
870,1291,923
868,1291,736
871,1291,1251
1045,1292,808
1043,1292,687
1044,1292,797
1069,1293,1131
1124,1294,1097
1123,1294,597
1216,1295,981
1415,1296,996
1414,1296,967
1456,1297,1131
1457,1298,1251
1590,1299,0
1593,1299,1238
1592,1299,219
1591,1299,1
1764,1300,1131
1970,1301,786
2020,1302,417
2021,1302,690
2022,1303,882
2261,1304,1251
2418,1305,687
2420,1305,808
2419,1305,797
2447,1306,860
2449,1306,1170
2448,1306,1043
2610,1307,1131
2772,1308,1294
2985,1309,1043
2986,1309,1170
2984,1309,860
3044,1310,1072
3043,1310,664
3191,1311,703
3190,1311,483
3192,1311,744
3406,1312,642
3470,1313,1027
3468,1313,205
3469,1313,695
3513,1314,603
3515,1314,686
3514,1314,631
3524,1315,926
3568,1316,832
3567,1316,762
3649,1317,1131
3650,1317,1283
3806,1318,321
3811,1319,1153
52,1320,628
54,1320,691
51,1320,590
50,1320,89
49,1320,77
53,1320,687
88,1321,1278
87,1321,1052
82,1321,230
84,1321,258
85,1321,274
86,1321,670
83,1321,249
124,1322,276
123,1322,158
122,1322,13
219,1323,1072
217,1323,664
218,1323,943
325,1324,995
449,1325,734
451,1325,1010
450,1325,761
448,1325,638
447,1325,554
452,1325,1247
495,1326,1238
494,1326,1187
489,1326,0
492,1326,160
491,1326,100
490,1326,1
493,1326,302
634,1327,1170
688,1328,1084
777,1329,1196
1170,1330,1187
1168,1330,0
1171,1330,1238
1169,1330,1
1172,1330,1326
1238,1331,628
1239,1331,639
1240,1331,687
1241,1331,961
1242,1331,1016
1237,1331,483
1236,1331,466
1243,1331,1040
1432,1332,436
1433,1332,494
1430,1332,233
1431,1332,391
1578,1333,836
1577,1333,380
1588,1334,797
1587,1334,687
1589,1334,808
1857,1335,448
1948,1336,1131
1952,1337,615
2004,1338,1131
2039,1339,494
2038,1339,436
2037,1339,391
2036,1339,233
2040,1339,1332
2144,1340,1196
2154,1341,306
2155,1341,483
2156,1341,590
2157,1341,673
2158,1341,786
2210,1342,1318
2245,1343,995
2246,1343,1324
2573,1344,1131
2576,1345,288
2607,1346,841
2689,1347,687
2798,1348,500
2797,1348,403
2860,1349,429
2861,1349,442
2857,1349,7
2862,1349,560
2858,1349,22
2865,1349,1238
2863,1349,795
2855,1349,0
2866,1349,1326
2856,1349,1
2864,1349,932
2859,1349,63
2948,1350,1206
2961,1351,150
2993,1352,1131
2994,1352,1236
2995,1352,1285
3029,1353,733
3030,1353,745
3143,1354,227
3165,1355,687
3166,1355,1131
3222,1356,1163
3221,1356,1131
3276,1357,595
3295,1358,590
3312,1359,1103
3342,1360,1228
3341,1360,150
3373,1361,1131
3374,1361,1152
3656,1362,1251
3655,1362,1135
3682,1363,1016
89,1364,1337
156,1365,621
157,1365,886
158,1365,1265
159,1365,1276
160,1365,1280
163,1366,411
164,1366,1093
228,1367,469
221,1367,29
222,1367,55
223,1367,113
224,1367,124
230,1367,689
225,1367,156
226,1367,200
227,1367,448
220,1367,19
229,1367,627
261,1368,904
351,1369,981
456,1370,880
588,1371,477
589,1371,901
587,1371,238
586,1371,219
757,1372,1131
818,1373,918
816,1373,77
817,1373,81
835,1374,687
836,1374,797
837,1374,808
914,1375,409
913,1375,370
918,1375,1182
915,1375,534
916,1375,584
917,1375,887
971,1376,808
969,1376,687
970,1376,797
1052,1377,484
1113,1378,887
1395,1379,7
1406,1379,969
1407,1379,1161
1405,1379,787
1399,1379,368
1404,1379,605
1396,1379,240
1397,1379,278
1398,1379,366
1402,1379,558
1401,1379,533
1400,1379,370
1403,1379,604
1500,1380,981
1502,1381,1255
1501,1381,1131
1582,1382,687
1584,1382,808
1583,1382,797
1630,1383,808
1629,1383,797
1628,1383,687
1668,1384,559
1749,1385,664
1751,1385,1031
1750,1385,995
1752,1385,1193
1753,1385,1324
1823,1386,1206
1935,1387,1360
1934,1387,687
2053,1388,1122
2048,1388,176
2049,1388,212
2054,1388,1167
2050,1388,225
2052,1388,495
2051,1388,287
2061,1389,981
2090,1390,714
2091,1390,1097
2089,1390,664
2092,1390,1150
2094,1390,1340
2093,1390,1294
2187,1391,628
2250,1392,494
2249,1392,436
2252,1392,1339
2247,1392,233
2248,1392,391
2251,1392,1332
2307,1393,370
2308,1393,373
2309,1393,550
2311,1393,981
2310,1393,864
2312,1393,1182
2313,1394,887
2361,1395,1357
2360,1395,45
2410,1396,651
2409,1396,96
2408,1396,83
2435,1397,1196
2453,1398,662
2586,1399,439
2587,1399,467
2588,1399,637
2589,1399,1101
2674,1400,877
2675,1400,1251
2966,1401,744
2965,1401,703
3134,1402,101
3154,1403,1131
3167,1404,1392
3194,1405,628
3280,1406,1251
3281,1406,1291
3400,1407,81
3402,1407,499
3403,1407,918
3399,1407,77
3401,1407,90
3490,1408,109
3489,1408,77
3495,1408,405
3492,1408,215
3496,1408,510
3494,1408,265
3493,1408,232
3497,1408,516
3491,1408,151
3516,1409,1131
3646,1410,1170
3664,1411,484
3665,1411,503
3847,1412,109
3846,1412,77
3852,1412,1408
3851,1412,510
3850,1412,232
3849,1412,215
3848,1412,151
33,1413,1343
31,1413,1193
29,1413,995
30,1413,1031
32,1413,1324
47,1414,1203
271,1415,1114
270,1415,1093
300,1416,1026
299,1416,888
298,1416,680
297,1416,473
296,1416,471
295,1416,165
294,1416,135
293,1416,84
292,1416,42
350,1417,61
391,1418,1031
392,1418,1193
393,1418,1324
390,1418,664
650,1419,690
651,1419,1302
748,1420,1210
747,1420,1168
746,1420,1126
745,1420,1091
744,1420,1037
769,1421,1170
768,1421,1043
767,1421,860
819,1422,1251
1197,1423,1187
1195,1423,110
1196,1423,651
1194,1423,83
1193,1423,61
1192,1423,40
1276,1424,1347
1359,1425,1418
1389,1426,0
1390,1426,1
1391,1426,372
1392,1426,1238
1393,1426,1326
1448,1427,108
1449,1427,1262
1451,1428,904
1481,1429,687
1482,1429,790
1483,1429,797
1484,1429,808
1485,1429,823
1486,1429,962
1487,1429,1217
1488,1429,1292
1494,1430,1251
1525,1431,225
1529,1431,1167
1524,1431,212
1527,1431,364
1528,1431,1122
1526,1431,306
1790,1432,838
1789,1432,403
1791,1432,1105
1787,1432,150
1786,1432,115
1785,1432,112
1788,1432,307
1847,1433,664
1849,1433,1323
1848,1433,1072
1872,1434,1170
1874,1435,1131
1875,1435,1163
1920,1436,1093
1921,1436,1114
1922,1436,1415
1931,1437,1366
1930,1437,1093
1951,1438,466
